9,50.043655,10.718713,9.483727,51.81502,7.5493627,7.0465794,51.880615,6.4663343,7.051346,51.969337,5.352469,7.0456533,51.757263,9.536492,3.3888524,51.753605,9.906988,3.392817,51.762886,10.274906,3.3920925,50.892567,1.1203835,4.4675584,50.698807,8.194555,-12.235379,48.227245,8.830938,10.351437,48.213516,11.175154,5.415323,38.327213,-20.143988,16.85434,41.414436,13.719988,-26.491714,31.368654,-31.39958,58.341354,30.657122,27.651686,-46.57564,35.34484,-17.709887,105.857704,36.061344,37.75732,-63.895397,37.20921,-14.8584175,114.25741,38.454227,41.633564,-67.676094,37.56899,-12.435191,110.72929,39.173687,37.84195,-65.36257,37.535934,-12.267887,106.17026,38.303722,35.226067,-62.690628,0.5386479,-10.002749,17.289186,-0.5386527,10.002759,-17.289186,-22.816229,-4.2933235,38.26541,-27.407604,15.4051695,-11.5453615,-47.46112,-8.696034,55.46521,-56.30012,14.093226,-16.087446,-53.52993,-13.487201,56.930058,-60.750275,9.546193,-16.5762,-46.587036,5.094509,59.401817,-54.28434,35.179184,-20.664228
15,-23.568838,71.43046,-78.45422,-22.400236,73.18093,-88.28624,-21.062426,73.59424,-88.298874,-19.884058,73.82345,-88.32821,-25.830013,70.43284,-87.54196,-26.816904,68.98513,-87.55393,-27.655441,67.59793,-87.568924,-15.9519415,67.38172,-100.52017,-27.764055,59.698463,-97.88616,-20.717693,67.93842,-78.46736,-24.064857,64.67749,-77.73382,3.1374807,47.12568,-93.01158,-29.185427,28.514961,-81.00404,26.386812,24.419127,-65.4085,-43.68926,5.190508,-49.805237,20.697203,56.926113,-45.534454,-42.67955,36.45148,-27.157185,21.315857,64.86115,-51.344307,-46.017723,42.127125,-28.74601,17.228422,65.06134,-51.27483,-43.589405,45.053448,-31.90145,16.460772,62.125057,-44.912247,-41.34857,43.363754,-27.463081,6.5125356,3.2090838,-4.46522,-6.512554,-3.2090838,4.46522,11.476652,-11.518149,87.75688,-1.8451049,-14.209984,101.95328,16.495777,-27.17121,186.01556,1.9832969,-30.072706,197.31114,17.655128,-32.310703,198.07382,3.8908844,-36.54719,208.79173,14.225596,-12.762387,208.44044,-2.3785143,-18.697063,218.76949
26,-44.16538,48.341175,-75.981285,-45.65358,48.48089,-82.84827,-44.821453,48.31693,-82.86585,-44.63338,48.38308,-82.898315,-46.928753,46.727795,-79.15583,-49.02257,42.025238,-79.165146,-49.43802,41.532784,-79.17789,-43.05897,43.059586,-91.08011,-48.092182,35.399593,-75.91903,-40.02872,47.710022,-76.330414,-43.434456,43.737377,-71.96206,-21.128447,34.454433,-88.40333,-41.512535,15.306089,-47.87619,3.4720078,22.598085,-69.186195,-36.299538,-0.6285822,-6.1017914,10.804905,43.67013,-41.0835,-40.574276,24.51848,33.981346,11.942746,49.568794,-45.50371,-43.236454,28.928682,36.595665,8.401703,50.1553,-46.753525,-41.46616,31.944115,33.958584,7.4122915,48.21571,-40.780224,-39.722885,30.39146,33.768425,6.725005,1.3388844,-12.689978,-6.725012,-1.3388706,12.689978,23.96542,1.7043257,54.30187,-1.6207993,4.59065,86.71157,39.20892,-7.9780645,125.88499,5.9693823,-0.16806526,164.51472,40.825066,-12.43973,134.0274,8.001874,-4.18127,173.29982,41.048195,9.198939,132.45865,5.4900775,12.791693,181.48232
43,-45.495464,54.977036,-90.18623,-46.774006,54.134758,-100.00914,-46.30269,54.07598,-100.01532,-45.322777,53.57452,-100.06949,-48.870792,53.46367,-94.98066,-49.456795,52.626522,-94.988785,-50.13585,51.576454,-95.0068,-43.214165,46.836636,-117.23531,-50.919037,43.154423,-95.87568,-42.12955,52.826057,-93.121574,-43.54373,51.987953,-86.975655,-18.612303,34.298378,-117.742035,-46.387257,12.339118,-66.90746,16.596872,-0.37371945,-95.526436,-39.877037,-6.9943576,-17.081625,21.9634,42.02861,-68.85354,-48.147232,25.55242,25.734924,23.433907,51.27571,-76.81938,-52.647186,31.18031,27.488575,19.419073,51.634346,-78.663376,-49.49041,36.751232,22.110792,18.577625,48.81585,-69.3103,-46.813126,34.785835,24.328873,6.701787,4.695805,-14.247865,-6.701795,-4.695822,14.247865,28.201273,-1.5949136,70.13167,-4.855916,2.902606,109.82425,45.062515,-16.102654,166.4101,2.2458386,-0.9716305,212.55281,48.69313,-22.415672,177.23524,4.975047,-5.9010754,224.04451,54.828514,5.9718666,172.35956,-0.6706469,16.104538,231.09216
44,18.852282,69.38316,-230.24168,19.195309,61.4243,-234.00298,20.826612,60.172386,-234.01584,22.415129,58.895576,-234.06444,14.051922,63.957615,-233.56047,12.310584,64.32724,-233.57074,10.520471,64.6396,-233.58257,25.11356,48.826305,-204.17206,6.6842384,57.769417,-202.04137,21.924137,65.78766,-214.224,16.757675,68.816284,-213.82547,40.22193,27.887053,-145.11014,-7.081318,44.925735,-148.59154,44.02957,30.224344,-84.88041,-29.729132,50.100964,-104.30324,25.807444,68.72919,-53.716595,-41.877235,42.99967,-95.582924,25.052341,75.21452,-58.36478,-47.802933,38.05369,-103.353966,18.558844,75.3012,-67.03465,-46.5379,37.943672,-109.14934,16.508703,73.52351,-55.694164,-43.127373,38.801723,-97.046074,10.393843,-3.7236848,-1.6866107,-10.393843,3.7236977,1.6866107,11.363694,1.9375006,97.02661,-30.945131,5.218055,102.80963,-15.397032,-21.43882,224.38504,-53.283184,-11.372469,222.1842,-20.601963,-25.793037,239.34186,-56.587402,-16.074427,236.06586,-19.956526,-19.548956,247.11447,-56.399864,-7.537599,234.22021
53,49.701283,5.8308372,22.630766,50.85029,2.468203,24.15733,50.812584,1.6349849,24.148096,50.84022,0.76389575,24.135416,51.138157,3.3212066,19.068544,51.263,3.1192775,19.068943,51.440548,2.8373365,19.072218,49.790615,-3.1930845,32.30635,50.57509,-0.012877666,9.468758,47.866207,4.129021,26.581882,48.300137,5.592454,19.868902,33.575584,-19.850677,45.053024,44.105793,0.72984517,-8.9050865,14.154723,-25.160896,72.46885,22.862253,6.035092,-25.297174,18.919363,-9.002994,96.763626,27.197964,34.53654,-36.894398,20.954327,-4.0581646,101.90811,29.88063,41.665466,-40.73618,22.613064,0.618509,96.2639,32.074642,37.867764,-35.71426,22.204231,0.31029508,95.21556,30.881182,34.296803,-34.67382,-0.5481948,-6.49901,19.533236,0.5481997,6.4990005,-19.533236,-31.975382,1.6957873,10.2092285,-31.680044,15.226443,-19.926226,-63.564312,7.291192,6.6435943,-66.860306,13.68846,-36.51322,-68.84894,4.0844183,5.387695,-72.23466,9.951466,-37.89632,-64.22216,27.643797,-2.7300117,-67.64829,35.17327,-46.99818
59,-49.192642,42.936394,-58.694942,-51.518337,41.517284,-67.14217,-51.426186,41.402225,-67.15706,-51.31819,41.275047,-67.187294,-52.066147,40.24331,-60.193855,-52.381855,39.135826,-60.21747,-52.695812,37.961815,-60.25288,-49.97995,34.69873,-84.005745,-51.560814,28.930416,-53.187145,-46.723038,40.13224,-62.404472,-47.181698,38.565582,-53.543724,-31.48894,27.667582,-80.8647,-44.868755,-3.8034043,-29.248487,-10.805674,17.574747,-75.12652,-40.451378,-32.444485,26.390114,-11.031082,63.630737,-63.042534,-42.920937,-12.912637,71.004265,-13.974669,72.05012,-68.39814,-44.341164,-8.645796,75.735405,-17.778833,69.98239,-67.842026,-44.558136,-3.9581187,69.87467,-16.956602,67.693405,-62.179375,-42.440468,-3.5061631,69.867096,4.1467886,8.924825,-20.62337,-4.146775,-8.924838,20.62337,28.813553,3.855831,32.724415,9.392876,-8.326692,98.694786,53.44217,-0.9452224,71.70548,24.59603,-19.453615,171.41101,59.310966,-5.066537,75.97449,29.028214,-25.996464,179.56169,51.35476,22.94683,68.1167,25.118801,-8.05685,186.88042
67,54.494476,20.451458,7.9524927,56.384422,16.100151,10.772335,56.34099,15.565494,10.7675495,56.318794,15.056941,10.766767,56.483173,15.9342375,1.4124514,56.51949,15.276234,1.4036124,56.581425,14.59392,1.3984702,54.4137,9.597139,28.153376,54.61853,9.550073,-14.3048,52.208454,19.66809,15.516968,52.39724,19.867514,3.1544797,38.377987,-6.839539,53.338535,41.58759,4.4936357,-35.05871,25.205845,-13.600842,76.057076,29.86969,-0.30011234,-81.075645,27.28672,8.081971,79.50613,33.95139,28.751352,-117.50658,30.896318,9.81714,82.608444,38.07386,32.277973,-128.7014,32.15828,11.253849,74.79715,39.35553,30.797022,-121.88856,31.23238,11.587955,76.12647,37.736244,29.26412,-115.37559,0.5444832,-5.174275,28.819489,-0.5445034,5.174295,-28.819489,-30.257439,1.9673537,27.691624,-33.672813,12.176237,-25.468716,-60.15814,-2.0891457,37.25214,-66.122375,2.9100366,-23.43092,-67.49007,-8.006338,36.887627,-72.720505,-2.492288,-24.35427,-62.6261,15.115446,23.15836,-66.68571,22.554886,-44.101845
69,-53.44969,40.160965,-38.0388,-54.142548,39.67388,-44.783634,-51.86132,43.439327,-44.783703,-51.27144,44.228966,-44.787823,-55.513363,37.392803,-41.46291,-55.39629,35.60129,-41.492336,-55.542236,34.624825,-41.514744,-49.53734,40.568184,-59.599133,-53.015667,32.72497,-45.343964,-46.20702,40.139675,-41.138275,-51.028835,36.330433,-37.082764,-27.547764,36.040382,-61.821133,-44.103783,-0.4586829,-35.79162,-2.6884217,40.809788,-52.9917,-42.34785,-28.432135,4.040928,-10.995528,68.05996,-38.182716,-40.34208,1.3630965,44.619324,-13.3924885,74.10912,-41.069454,-45.38508,12.5864105,48.69261,-16.58887,72.11088,-40.24526,-43.62077,15.974125,44.855,-16.162584,69.78438,-37.465923,-42.137936,15.355947,44.146835,4.168613,7.08927,-15.762144,-4.1686306,-7.0892887,15.762144,21.59243,-4.9157186,46.934616,11.318049,-14.771196,73.82601,37.29105,-23.328213,96.128204,23.481794,-30.80129,130.20746,41.425346,-31.212833,101.78987,28.885698,-36.6599,136.85698,37.888317,-13.213508,103.27112,25.872458,-19.838451,146.03433
77,50.368492,30.88373,-21.091162,52.628223,29.238623,-23.642673,52.761833,28.329205,-23.644531,52.910362,27.32489,-23.664532,52.489326,30.716911,-28.148804,52.494804,30.90362,-28.158321,52.497803,31.07261,-28.171947,52.31281,21.241457,-26.502605,51.53499,28.2644,-46.50856,48.59586,27.953869,-20.092,48.48233,29.351992,-25.88396,41.718792,-2.2199638,-10.050373,35.56959,22.871971,-53.475372,40.15946,-17.03825,28.001276,11.572898,16.928232,-47.91664,43.14166,-9.340772,63.973705,17.739317,42.65394,-40.36671,44.52418,-7.893986,66.704994,21.048752,47.04403,-45.326817,45.619537,-4.238733,62.94576,23.187197,44.77031,-46.243717,44.21259,-3.236032,63.359844,22.662539,42.880733,-40.368134,2.3436525,-7.783065,17.494244,-2.3436525,7.783065,-17.494244,-13.300809,-17.997099,67.22997,-27.565723,3.422153,9.554513,-25.564484,-35.66851,116.43757,-52.961506,-8.900982,36.457478,-28.050232,-39.239605,121.61104,-57.0948,-14.641249,39.421486,-27.048958,-30.758133,126.33475,-51.125515,8.253358,36.08037
81,-58.2288,36.48933,-76.8523,-58.85711,31.031487,-82.422615,-58.277245,30.439054,-82.41594,-57.706493,29.699383,-82.43327,-59.767227,30.788214,-76.59649,-59.79272,30.116636,-76.59856,-59.781403,29.338202,-76.57642,-53.357082,23.159897,-88.47214,-56.27919,22.886969,-63.750214,-54.44116,37.60788,-77.042435,-55.658005,37.802227,-69.89189,-28.088955,22.220955,-81.893555,-46.87734,5.708489,-35.35323,-3.7542999,20.06956,-64.72719,-39.771767,0.22864525,10.238565,-11.289784,57.035076,-39.109646,-46.254734,18.486374,42.630154,-14.681707,62.69415,-42.790936,-50.46979,20.872032,44.519146,-17.72516,59.81476,-43.36364,-50.406616,23.110785,40.641327,-17.365744,57.7734,-38.70679,-48.671608,23.391302,41.84087,4.0278907,5.531014,-16.69529,-4.0278907,-5.531025,16.69529,30.711716,-2.7674365,28.922916,21.78151,-9.142684,57.62431,50.744064,-16.491402,61.20348,41.25268,-20.498121,94.806984,54.43785,-23.60424,64.60867,44.844315,-26.524714,98.73668,52.275513,0.78750074,61.563988,43.401966,-5.675514,102.04612
101,-56.588047,32.246815,-38.474277,-59.17069,28.516493,-45.54746,-58.989506,27.884377,-45.55773,-58.821148,27.211895,-45.578426,-59.563457,28.514143,-37.51249,-59.64805,27.8542,-37.516655,-59.765648,27.112263,-37.53309,-56.31269,19.090952,-61.242928,-57.732517,19.453386,-26.067337,-53.1754,29.76256,-42.66965,-53.505795,30.416908,-32.482075,-34.715954,10.918194,-64.32149,-44.194893,2.2377977,1.6470101,-9.846749,5.839362,-50.67035,-28.564325,5.561545,41.20807,-18.92071,28.660648,-25.533724,-28.372107,27.167347,65.122925,-19.628508,36.17446,-29.015005,-29.833082,33.99103,68.54571,-23.514757,35.35973,-28.84338,-30.633512,35.723286,63.71374,-23.798576,32.446705,-24.672821,-29.32057,31.881035,63.575203,2.915908,5.1719775,-21.655918,-2.915921,-5.1719775,21.655918,32.786068,7.679893,10.271809,19.678534,1.2364011,69.63058,56.935818,6.5375447,35.567535,40.241554,-2.5423267,117.97397,62.007217,1.5436499,37.65082,43.728073,-6.9627495,122.92926,58.47631,29.796652,24.77174,44.21393,14.431808,122.77498
121,53.585983,76.475685,-110.62932,59.48714,71.889786,-112.44383,60.551006,70.699875,-112.49007,61.52063,69.52158,-112.55887,51.93706,72.55685,-119.51074,50.41275,70.80477,-119.533745,48.85971,69.13771,-119.537186,60.976337,57.577168,-100.64684,43.542557,52.85546,-131.23479,50.46264,73.377174,-102.5707,47.285385,72.90283,-111.42468,53.379135,13.239593,-76.2462,11.448494,33.63659,-115.341545,58.138855,6.380718,-12.614456,-23.305882,16.679188,-84.93441,64.205635,49.84099,20.65274,-17.710342,69.525215,-71.7525,70.85223,54.735638,16.149603,-18.632694,78.190605,-83.54128,68.80821,57.6832,8.845763,-12.98237,78.66131,-87.20717,64.27744,57.336338,18.408445,-12.080355,74.898155,-73.528076,9.746226,-4.297566,16.960209,-9.746226,4.2975483,-16.960209,-5.293008,6.5619392,106.55342,-27.04658,9.515836,80.43654,-16.275667,-11.536534,217.34453,-37.07208,-9.772444,185.30684,-18.767202,-19.4841,230.62016,-37.942497,-16.62164,197.62195,-18.730368,6.334917,237.6865,-39.999836,12.697141,198.16261
125,-45.09307,4.5569596,18.830542,-46.816902,1.3474149,13.176859,-46.969494,0.8795101,13.164526,-47.247772,0.46234113,13.160573,-46.780743,1.0180162,21.015612,-46.793907,0.26237503,21.010876,-46.90215,-0.57733166,21.001945,-47.15986,-5.1285195,-2.7639687,-46.13316,-6.447024,32.30389,-43.614258,3.3313339,13.888933,-43.42681,2.8977728,24.108475,-41.760326,-10.881103,-26.756248,-32.57075,-18.69742,51.146656,-35.749634,-5.336337,-70.33859,-21.108944,-7.09359,92.32585,-38.772892,21.810497,-99.93783,-25.384617,5.067644,126.956604,-43.051373,25.65574,-107.72478,-27.482096,4.5515256,135.17856,-43.500454,23.895523,-101.43293,-29.007076,6.372669,130.66568,-41.999596,22.951174,-97.48223,-28.469519,7.779919,126.01321,-0.5905193,4.178229,-23.695862,0.5905258,-4.178216,23.695862,31.032282,5.9023204,-28.12351,31.345406,-0.66612893,17.844736,63.08401,1.4454415,-31.207878,61.803455,-1.0331082,19.014954,68.43965,-2.8629088,-31.270937,67.407,-4.255353,18.39374,65.891495,23.749062,-42.77248,65.08668,21.174643,6.3207192
126,61.300312,41.499226,-131.92136,63.94511,33.91159,-128.8641,64.20755,33.33367,-128.86276,64.51383,32.738705,-128.90404,62.45361,33.403008,-137.18774,61.559647,32.37101,-137.22833,60.616737,30.952066,-137.23518,59.973915,24.780224,-100.57098,53.592133,20.727144,-137.52365,58.13905,43.911713,-118.97089,56.37452,42.26952,-129.67834,52.18794,7.805133,-62.371517,25.734922,10.306326,-122.493065,53.91622,-1.0974948,-0.14387548,0.8549094,6.5121026,-99.41492,50.661026,3.7657857,46.75368,-2.281341,38.952274,-78.500175,53.904842,1.1793787,49.66903,-2.5420277,47.77679,-86.813484,51.845615,2.5039954,46.812073,2.0644567,47.080536,-87.26815,48.96715,5.356002,46.307026,3.0609117,43.611443,-78.47394,5.7127166,0.6356017,23.165455,-5.7127333,-0.6356182,-23.165455,-21.382248,15.219937,75.01339,-35.528496,9.980752,39.46135,-42.02862,8.648849,144.37144,-55.523033,-1.2079648,106.801476,-45.4163,1.4688162,152.4063,-59.397083,-9.182768,114.55614,-48.213165,32.698364,150.99081,-60.557983,22.959887,106.181244
149,53.682125,16.43338,-19.531557,55.303116,12.602566,-19.086054,55.25133,12.408261,-19.10039,55.18415,12.223201,-19.126226,56.095093,11.117806,-24.320368,55.8117,10.4884405,-24.325596,55.573254,9.9490385,-24.361992,54.571854,11.324725,-10.546101,53.46672,8.841164,-33.885357,51.121204,17.16162,-14.807081,49.351425,12.688316,-21.530432,40.57729,12.519383,4.5856123,37.721634,3.8903182,-34.085457,24.42284,-7.88209,34.05459,17.07909,-22.470423,-44.36163,22.463442,11.712557,53.411366,19.826153,18.24797,-53.275692,22.137707,16.319925,55.457687,22.199484,22.75305,-58.11063,23.362682,19.160023,50.455387,24.788923,23.31552,-53.93736,23.247484,17.20548,51.903976,24.00983,21.646011,-51.21014,1.778903,0.6145538,11.403269,-1.7789059,-0.6145538,-11.403269,-24.908777,3.9976635,16.742765,-29.330517,12.667118,-5.4741645,-45.59344,1.5745702,42.790565,-50.77272,1.3603095,15.782118,-48.317604,-1.8871734,44.907978,-53.088768,-2.2708275,18.616985,-51.201492,8.813253,36.018383,-57.688583,6.6078672,9.898039
153,-54.84854,17.257587,8.571152,-56.363976,13.384654,2.998241,-56.129246,12.972514,2.9813693,-55.871784,12.528885,2.9716945,-56.55521,13.245511,10.587135,-56.452824,12.707419,10.580407,-56.315887,12.10363,10.55897,-52.882915,8.704289,-10.908183,-53.225075,7.674364,22.287956,-51.655632,17.893864,4.416197,-51.825832,17.89452,14.112173,-41.814487,8.182404,-28.376314,-38.1076,-4.652601,43.000584,-24.932102,2.467511,-51.369755,-23.188179,-14.632982,70.59441,-26.842897,34.556297,-69.13062,-23.807224,5.3133373,91.498726,-31.248638,38.053425,-75.498924,-27.284039,5.5877366,97.3776,-32.551735,36.00315,-69.76583,-27.516504,6.9355636,92.74321,-31.268368,34.42079,-66.738625,-26.55449,9.102669,90.137924,0.048688386,4.187983,-21.70262,-0.048688386,-4.1879888,21.70262,28.793236,7.7364283,-22.966604,28.8199,3.7873085,17.193188,58.326363,8.112013,-22.965065,56.17895,4.8727345,17.422897,64.56382,1.975875,-23.128254,62.72761,-0.7004477,16.425251,58.024223,23.469416,-35.537697,56.793797,20.657747,4.6582646
166,55.27733,8.295123,13.261787,56.73871,3.6780174,15.454024,56.627644,3.0289698,15.4495,56.525387,2.321561,15.433234,56.726994,4.0183997,8.783205,56.61868,3.6937673,8.782323,56.499447,3.3357632,8.798867,54.0596,-2.0703506,29.936937,54.103893,0.443468,-1.00736,52.85686,8.933531,19.720207,52.669125,9.124798,10.614893,36.174713,-14.919315,51.323666,42.8393,2.3978941,-20.319323,21.494701,-20.979368,99.99134,31.085407,9.986866,-69.48744,26.019567,-1.1806489,143.79062,34.874664,34.39489,-115.18349,28.505075,-3.9997392,155.21057,38.99237,35.804283,-125.10948,30.03316,1.240592,147.01546,39.748497,32.607765,-115.81031,29.335234,3.4163232,142.28831,38.397007,31.452614,-112.288155,-1.0166658,-6.2171273,22.85003,1.0166658,6.2171273,-22.85003,-30.467016,10.613665,38.407604,-32.414326,26.502398,-29.169712,-60.333126,8.633271,58.69338,-63.52181,25.179604,-37.08896,-64.81785,3.7591815,59.855217,-68.338585,18.254488,-37.92864,-63.90328,23.956282,49.172554,-72.35642,38.93024,-52.895973
184,-11.750127,70.82614,-18.239122,-10.467849,71.29587,-22.691097,-9.477761,71.4888,-22.71171,-8.485477,71.65471,-22.72971,-14.7429285,70.342995,-22.676283,-16.003172,69.17862,-22.681498,-14.943038,68.265015,-22.697681,-5.602875,67.244354,-29.550499,-15.358186,61.473972,-29.43387,-9.423627,67.7544,-19.193586,-12.200357,66.153435,-19.153954,4.268809,44.650166,-26.171219,-19.605585,33.865974,-24.579542,12.316841,24.343678,-11.983158,-19.355234,0.7823848,-8.357282,9.436251,49.316204,-4.335277,-20.421692,25.54894,6.593091,10.893763,56.57568,-4.984251,-22.648586,30.498844,6.5306773,7.3115325,56.978905,-5.262649,-19.136467,33.101994,5.902079,6.4709144,53.925514,-3.9445739,-18.167942,30.902246,6.9658494,5.2436686,2.3158937,-1.3712723,-5.243663,-2.3158937,1.3712723,5.3284717,-11.379623,27.9648,-2.062288,-11.729207,32.86075,6.2724037,-25.2063,56.16107,0.89027464,-23.49732,60.73873,6.7500896,-29.2623,59.49002,2.2318375,-28.37356,64.145905,3.409163,-13.444303,64.28284,0.07499627,-13.832074,69.23268
187,-46.603203,67.28874,-74.58155,-46.74382,65.25194,-83.775566,-45.818813,65.32715,-83.78259,-44.9208,65.44028,-83.82158,-49.056305,63.180744,-79.482315,-49.617004,61.79571,-79.490814,-50.07814,60.557713,-79.52236,-41.376785,59.303207,-100.988174,-48.103523,51.201767,-82.66258,-42.112602,66.85404,-77.82385,-43.360947,60.030373,-72.61129,-16.643888,39.87461,-96.60982,-46.21989,9.60412,-66.50876,14.625109,40.073334,-71.40221,-46.500473,-23.220835,-22.543194,1.5651388,76.95973,-28.617832,-45.116894,12.051693,19.599583,0.51547164,86.870316,-30.573187,-46.22299,17.811605,20.90883,-5.535828,86.04806,-31.036877,-46.463863,22.582579,18.682789,-5.5536156,83.17031,-27.6411,-43.143448,20.219227,19.576921,6.5993776,5.1003594,-16.032707,-6.5993776,-5.1003594,16.032707,38.16842,2.8107402,42.604076,-3.0550961,-6.8868017,117.575645,70.1011,-19.856081,91.87714,6.043984,-30.233427,212.325,74.564224,-27.719446,98.12593,13.590467,-39.072506,222.5987,73.26845,5.6993732,90.6204,13.493387,-25.383516,231.80042
188,7.4436827,71.49202,-220.19035,9.718503,68.623116,-227.21523,11.679201,68.582726,-227.235,13.398608,68.66371,-227.27196,5.238012,66.90574,-229.27034,3.905313,65.883026,-229.31282,2.4258168,65.17096,-229.34846,18.652084,62.82978,-205.78796,-0.6484752,59.123146,-214.67273,10.528288,72.564026,-206.22554,5.309901,70.95902,-208.88527,33.261166,40.34676,-155.5849,-19.001698,37.501938,-161.24269,61.77347,24.104546,-97.935455,-43.294106,24.297113,-99.550125,58.231018,70.027794,-79.78289,-38.3189,77.194626,-70.54584,62.664032,77.93087,-89.36113,-39.31291,84.24493,-77.800766,57.397167,77.46554,-94.54178,-34.09012,84.05112,-84.71649,55.070633,74.437004,-81.0779,-33.211296,81.85861,-72.19614,9.7229805,-2.8506322,4.241992,-9.7229805,2.8506577,-4.241992,4.4286704,9.7797365,134.27063,-10.712381,8.223162,124.77622,2.6339114,-4.052212,289.22552,-6.507384,-7.7650084,278.12762,1.4036111,-9.936835,307.31436,-6.285893,-14.126128,296.07822,2.6102655,10.891629,314.72635,-4.582864,6.0310645,299.3309
238,44.632164,46.07608,-19.990683,47.88525,45.993683,-23.603575,48.230366,45.163624,-23.618937,48.589417,44.265324,-23.648233,47.01505,47.068756,-28.089937,46.770336,47.09123,-28.09569,46.5488,47.073082,-28.100246,48.229687,36.55329,-29.031384,45.150803,42.378887,-48.867374,42.451633,41.598053,-19.553366,41.83478,42.93091,-25.321623,41.309624,5.587896,-14.494148,28.915592,32.73205,-54.24348,28.988123,-5.981855,19.84747,3.161923,25.51685,-31.675354,35.93579,22.759039,47.46296,11.37983,42.316254,-4.1144614,39.28313,26.688734,50.39532,13.889223,47.49009,-6.1374516,39.5599,31.946213,47.29107,16.791262,46.77472,-6.5726886,37.640743,31.054586,46.92528,16.055735,44.264732,-3.654724,3.6833193,-7.415468,13.887264,-3.6833122,7.415454,-13.887264,-16.524033,-10.068298,52.543003,-21.445677,-1.1387137,29.176512,-31.825855,-14.701859,96.312836,-38.100224,-12.378755,71.68121,-37.165283,-21.602617,101.44806,-43.159668,-18.949667,76.50516,-35.729332,-3.019483,106.230354,-40.38524,0.45518306,77.94549
252,51.428265,10.860524,-3.748156,52.90196,7.711914,-1.2787288,52.835144,7.396355,-1.285367,52.753967,7.1431646,-1.3032144,52.97097,7.4040213,-9.0174885,52.963604,6.895387,-9.014955,52.929665,6.363161,-9.019525,51.296776,3.33949,13.868819,51.283455,2.4834626,-21.58629,49.412933,10.511809,2.8243601,49.51936,10.206577,-7.527587,38.374237,-9.540983,37.837242,40.77643,-2.085516,-39.838417,27.650393,-6.334284,86.82769,30.040136,-2.3649979,-87.62495,32.67092,9.034135,121.575966,39.195526,24.152637,-126.257324,34.49545,9.242077,129.3366,43.02549,26.318905,-136.99998,35.529854,10.882703,121.926605,43.241898,24.769651,-132.01678,34.834415,11.224497,119.35726,41.939938,23.594828,-125.12678,0.5238722,-3.8219638,24.904657,-0.5238536,3.8219824,-24.904657,-25.027338,5.8709188,25.78062,-26.907953,13.318758,-21.925236,-52.011024,-2.3687747,36.98298,-55.149807,1.7752042,-16.366854,-55.890446,-7.1414523,36.824818,-58.94913,-3.1606302,-16.612074,-52.288574,16.553234,25.433367,-54.65729,19.292847,-32.44311
282,19.150028,63.3212,-45.96019,20.550505,63.71176,-54.675884,21.19122,62.51597,-54.6785,21.944456,61.501373,-54.694378,18.212591,66.08149,-52.874065,17.334852,66.54915,-52.881794,16.46195,67.025665,-52.89349,22.015036,55.532116,-72.0276,14.528275,62.838512,-64.01987,18.874292,56.672497,-49.259098,16.021156,58.50799,-46.963165,25.6995,31.032667,-70.27088,-0.43512708,44.873295,-52.14118,36.623444,13.568634,-34.123375,-11.184191,21.404985,-17.379982,31.944223,39.634686,-0.0945412,-6.1435633,31.463892,9.672836,33.809315,46.47219,-0.9596257,-7.0122933,32.49324,10.461366,31.390425,47.71288,-4.672613,-4.5333714,32.92898,6.526183,29.493761,45.122326,-0.26060912,-3.386591,32.173656,8.990143,5.9511967,-4.687187,-1.073938,-5.95121,4.6872134,1.073938,4.1222515,-14.63957,63.129486,-6.642666,-14.96288,70.63174,-4.570599,-31.122694,128.43117,-10.542635,-30.183798,136.30666,-7.3180804,-36.10162,136.61479,-11.478521,-32.73926,144.41895,-2.09185,-25.779263,145.2251,-8.430654,-29.453394,152.64258
283,13.899077,77.2666,-245.52757,16.180805,73.00516,-250.07164,18.872688,72.64847,-250.10707,20.707132,72.11914,-250.16899,10.417866,71.46424,-253.42946,8.540565,70.19515,-253.47798,6.9335356,68.95737,-253.49887,27.401865,55.681217,-222.7077,3.571727,59.558273,-236.69965,16.343685,76.19818,-229.83975,9.842842,74.750404,-233.95656,45.00561,29.883385,-167.85585,-18.289366,34.545006,-180.07639,67.33721,26.567877,-109.14607,-46.690784,22.202478,-126.65763,63.95985,68.47465,-98.22332,-39.770363,77.09396,-110.98874,68.87251,72.502266,-111.988976,-40.15432,83.99587,-123.05119,61.420948,73.74018,-117.43423,-35.700867,84.923065,-131.33171,58.355377,70.40526,-100.31982,-34.880222,82.983765,-113.974846,10.965969,-4.1695724,6.517711,-10.965969,4.1695995,-6.517711,3.3071704,19.85682,132.16586,-17.021072,22.557228,129.9386,-4.3179545,2.4087014,300.38058,-17.68313,2.620449,286.4965,-5.8424416,-2.3032444,319.3061,-17.764757,-4.033347,304.02856,-7.568214,15.163162,319.31873,-18.248123,13.946064,298.95554
332,7.565488,70.64417,-272.7,11.533144,67.499855,-294.85486,12.979317,67.25531,-294.8447,14.475916,67.10537,-294.92084,7.5164566,66.33316,-291.8601,6.3095584,65.62035,-291.8708,5.1560106,65.03744,-291.86417,17.143097,56.99982,-309.68622,2.6859717,55.648243,-296.6756,7.846089,66.132706,-267.004,4.571796,64.919205,-263.30612,21.528067,22.31586,-238.4035,-22.568884,28.106892,-251.7114,39.60124,-8.19645,-209.72281,-59.4287,26.77946,-232.21156,57.935696,30.895624,-216.90424,-72.92337,52.2105,-248.3834,59.582638,37.696938,-237.36212,-77.31703,63.419827,-270.4462,53.37354,40.989246,-244.64561,-71.9228,63.02784,-278.30444,54.51464,47.437077,-221.57178,-69.62577,59.49788,-252.88203,9.26299,-7.875754,0.40046093,-9.26299,7.875721,-0.40046093,10.615815,-59.26178,149.81895,-21.996052,-18.686296,136.65681,5.5356097,-67.89453,340.89255,-12.318442,-36.49945,348.74127,2.779845,-66.45872,361.39706,-9.979975,-41.188705,371.9553,11.323601,-70.56713,368.91104,-10.243016,-36.96645,384.44376
333,-52.756927,11.472044,-11.212175,-55.3851,7.7658677,-17.978855,-55.32646,6.956524,-17.981045,-55.263966,6.1094203,-17.985252,-55.59652,8.195956,-9.741952,-55.681957,7.7186465,-9.755673,-55.782585,7.1842937,-9.7789955,-53.18166,-0.21173611,-32.87938,-53.79737,0.96517754,3.7589297,-49.91844,9.734993,-15.236594,-50.081272,10.451918,-4.649274,-38.89703,-3.457591,-47.5083,-40.62502,-5.2740755,27.917381,-26.818535,4.1010475,-66.10536,-32.163197,13.5359,60.529453,-33.431427,15.18449,-62.268044,-35.74571,23.540092,85.07623,-35.398693,16.357533,-66.67044,-37.8903,26.499733,90.54724,-36.65133,15.877594,-65.904434,-37.90702,23.768772,86.853065,-35.56948,13.732383,-61.632145,-37.645416,22.847103,83.92496,0.5380074,2.124006,-26.101948,-0.5379929,-2.124006,26.101948,27.459175,6.9507456,-21.866879,26.420256,1.7521605,30.527534,56.1325,0.7866795,-10.984235,53.254086,-3.0243394,41.66984,60.901363,-5.2910194,-9.947177,59.02896,-8.198801,42.30046,60.87458,24.138943,-20.562332,57.621967,16.93662,33.60945
338,56.850506,0.6575537,-17.65295,58.331203,-3.5146155,-19.676794,58.24674,-4.8445477,-19.670149,58.161217,-6.1962285,-19.683289,58.29238,-0.8637176,-23.15231,58.171875,-0.29508433,-23.150043,58.080387,0.23753735,-23.145971,55.523277,-10.154672,-19.69253,55.594795,-1.1242235,-35.2145,54.038322,-0.5355847,-15.963408,54.022152,2.5074904,-20.423122,39.169228,-24.848871,-3.8891609,39.626553,11.020461,-44.41423,30.356459,-34.84206,32.39494,22.570177,20.954395,-56.163532,38.336105,-19.719986,68.01658,27.660862,42.802788,-68.40761,40.560307,-17.930704,72.83207,32.043777,47.13126,-73.92053,41.855236,-14.476794,68.563965,32.558746,43.075222,-72.13873,40.66508,-13.624589,67.49427,31.383537,39.799274,-67.64472,0.050279755,-9.059875,15.171632,-0.050279755,9.059875,-15.171632,-25.911736,-8.052188,32.02603,-27.61552,8.555257,0.35229203,-50.608192,-12.9186,50.916027,-51.90115,-5.543894,18.301743,-55.443203,-17.003689,52.345814,-56.376476,-11.117689,20.24763,-50.221626,-1.1721452,49.510914,-52.33847,8.296271,16.285301
342,-51.844753,53.08699,-73.23863,-53.479298,49.16028,-81.9191,-53.074272,48.377754,-81.89832,-52.643997,47.675125,-81.91706,-54.411488,49.473686,-73.77162,-54.63794,48.811417,-73.80664,-54.866154,48.15918,-73.837975,-50.30912,39.275917,-100.28684,-53.31896,40.00155,-64.20518,-48.290886,49.899956,-77.56736,-49.24588,50.860043,-67.319176,-26.811758,21.238003,-90.060875,-45.115906,13.7821455,-37.884632,-4.0292583,13.43475,-72.03343,-46.299603,30.549578,14.455888,-20.24879,42.197346,-43.315773,-54.696537,59.177654,46.24626,-23.410131,50.945026,-46.284103,-61.257053,67.76556,48.4594,-26.749754,47.655113,-45.80322,-60.628204,67.191956,42.982323,-26.455173,44.673786,-42.007782,-55.06701,65.454636,44.780262,4.320098,4.906788,-22.891237,-4.320098,-4.906797,22.891237,38.429516,10.558061,-3.3726509,12.034552,-2.7545497,119.252075,72.56878,-4.5526857,6.636898,19.988758,-20.853992,206.39275,77.834175,-12.951461,8.017276,25.942177,-26.556528,215.72383,76.314926,18.558567,-8.80845,24.827639,-15.416832,224.61903
346,-63.07832,15.250055,-211.31358,-63.313538,10.580776,-220.92441,-62.182297,10.819058,-220.95142,-61.045288,11.045928,-221.03683,-65.908066,7.330653,-214.3553,-66.57727,5.7021055,-214.397,-67.245674,4.0773096,-214.45,-55.902107,7.1948624,-223.4453,-64.322975,-4.185117,-195.54988,-57.54621,16.830202,-207.28784,-60.148693,13.846596,-199.205,-26.410341,10.95585,-199.22536,-53.58826,-10.480504,-138.56776,16.360033,27.72602,-174.05861,-29.61819,1.9142611,-70.74029,33.8491,65.69367,-144.15755,-31.979815,37.01418,-21.062101,32.903038,76.12818,-161.63889,-37.54144,37.876038,-17.174059,27.554804,76.556656,-159.21529,-36.178764,48.268337,-27.284613,27.27128,74.73732,-143.88878,-32.97223,49.23929,-23.83411,6.553978,2.7888482,-16.02928,-6.553993,-2.7888482,16.02928,24.43897,16.694818,111.63597,7.0658417,-3.7553587,137.39415,27.75613,39.596825,264.36566,20.169373,35.181488,289.1522,29.228407,38.044346,280.11545,22.830778,36.69091,306.1184,22.21883,67.09178,268.91846,18.930109,64.05258,299.091
348,-56.428684,27.175934,-44.509083,-57.781685,23.644455,-51.255207,-57.475346,23.247559,-51.260258,-57.14128,22.838745,-51.271545,-58.129715,23.18655,-43.90826,-58.07425,22.412556,-43.924286,-57.98666,21.549835,-43.937607,-54.35359,17.631655,-66.10889,-55.656235,15.595086,-34.1001,-52.954136,26.428324,-48.196278,-53.24371,25.843277,-38.917767,-35.580288,14.46582,-68.79696,-43.894352,-5.312595,-8.452912,-9.803241,12.57156,-58.75104,-29.639812,0.64748687,34.9718,-15.893827,46.118134,-45.91094,-33.73374,20.879412,59.400143,-18.69566,53.941315,-52.6182,-38.185825,24.841583,61.481865,-21.664295,52.040405,-52.504723,-38.824387,26.599258,54.118,-20.792343,48.952934,-45.61436,-37.279606,26.302809,56.946106,2.4378703,5.3024673,-20.616772,-2.4378703,-5.3024673,20.616772,32.140316,10.5558405,17.085955,27.381674,0.3256617,55.08272,59.547417,6.00603,54.01424,53.02085,-1.7157753,97.2967,65.10197,-0.44109738,57.46232,58.253403,-7.351634,101.60451,58.226757,22.172369,46.97102,54.012077,16.16721,97.00346
388,-47.449463,54.9323,-94.46856,-48.41782,52.92133,-104.60646,-47.447006,52.289993,-104.61612,-47.017704,51.9402,-104.66558,-50.00617,52.50794,-100.14322,-52.904804,46.28648,-100.14688,-53.40871,46.038185,-100.161194,-44.42153,44.51692,-121.30197,-51.57259,38.350567,-102.12434,-43.15196,53.183502,-96.94123,-45.680595,47.61225,-91.430664,-18.579609,31.318321,-116.30667,-45.978268,15.928676,-76.300026,11.359663,2.252738,-92.613945,-44.767193,-1.6290582,-32.559177,14.423071,47.039967,-70.118126,-55.75921,23.218403,1.0512073,16.426432,53.263474,-79.635796,-59.81105,27.20643,-1.814073,11.812501,54.030792,-83.08341,-56.847363,30.592934,-6.775517,10.659965,51.92103,-71.41597,-54.358746,28.885355,-0.4213857,8.163886,0.77403426,-12.401236,-8.163886,-0.77404964,12.401236,27.02195,1.7666297,81.01052,-12.41957,14.1773,111.035095,43.237625,-8.928125,189.57455,-8.211244,6.359379,217.62906,44.29801,-15.44777,201.81282,-5.91155,-0.106941685,229.24791,46.00979,11.11698,195.46773,-11.425122,22.077168,232.40573
401,-3.1427543,-15.859342,-276.93512,-2.9293067,-36.97508,-281.0785,0.23534554,-38.85843,-281.07614,3.3636231,-40.699146,-281.14087,-12.722474,-33.48443,-279.97586,-15.728047,-32.996914,-280.03586,-18.72378,-32.449722,-280.0414,9.879628,-48.422424,-251.16475,-22.482643,-36.046932,-246.26462,-0.9000164,-16.27642,-260.8773,-10.374553,-12.403501,-259.36688,28.578335,-41.337822,-198.68788,-36.357517,-25.439617,-191.4903,55.916267,-27.91266,-160.79337,-83.83559,-21.163542,-155.96742,66.49932,35.60234,-147.81354,-75.97429,46.475567,-148.1909,77.32603,40.62156,-151.79001,-84.67309,53.20213,-153.90005,68.2798,44.319763,-161.98015,-75.30112,52.210133,-160.66554,62.98149,44.884583,-150.57143,-70.591644,51.095505,-150.04399,17.130398,-3.6538906,-4.0350356,-17.130398,3.6538906,4.0350356,-0.28451005,-7.984475,122.104004,-22.978039,-20.118614,134.30609,-19.212889,-25.775686,260.78326,-35.153534,-29.569107,260.90637,-23.90872,-29.032507,275.69443,-35.235806,-31.433136,274.4558,-24.609259,-18.214708,269.08194,-36.913334,-23.614384,266.03278
411,56.419407,7.5792828,5.950338,57.214916,3.2320051,8.467814,57.089954,2.5038552,8.470465,56.955414,1.7150382,8.464151,57.158638,3.6672928,0.7635699,57.020386,3.322553,0.7567686,56.85769,2.9337478,0.75111425,54.506992,-2.6907337,24.421698,54.4796,-0.0065745553,-10.639261,54.043926,8.681707,13.214199,54.138786,8.908494,2.9080207,37.164707,-16.26207,48.560314,42.190273,6.123702,-30.48631,26.57139,-31.392998,103.08124,30.277237,3.7065961,-75.4135,28.300756,-6.0603304,156.48016,33.370773,35.633816,-117.6327,30.556461,-3.9952292,168.80495,37.74746,37.005898,-127.06754,31.17139,-0.24462524,161.88713,38.613888,34.613064,-119.469894,30.529615,-0.5094921,155.53885,37.241142,33.46561,-115.07721,0.09716531,-7.8363953,25.995514,-0.09716531,7.8364096,-25.995514,-27.32783,-7.654293,36.40245,-29.617596,9.929737,-18.596502,-56.094994,-9.340588,51.67655,-59.218197,-0.42843944,-21.182741,-61.819,-12.634685,52.789898,-65.22302,-3.5063095,-21.617035,-54.52947,9.0524435,46.974205,-57.781815,21.104912,-32.359325
424,-49.792446,21.162231,8.212672,-52.633743,19.580666,2.0533733,-52.76844,18.905943,2.0336602,-52.921432,18.220116,2.0212042,-52.702297,19.794746,10.389828,-52.8414,19.317183,10.3855715,-53.007538,18.783245,10.368449,-53.083652,12.349308,-12.4825945,-53.013783,12.896347,24.245749,-47.70801,19.118734,4.1752057,-47.86349,19.429062,14.871531,-41.51656,0.43444002,-30.537987,-38.312725,-5.6577935,48.32805,-26.598858,-1.5957464,-59.731304,-22.73397,-9.205865,66.66813,-29.236702,30.467398,-78.02967,-25.118652,14.176679,73.55996,-33.866997,33.326466,-85.644714,-30.10799,14.546767,77.5536,-34.83115,31.02282,-77.338394,-30.706623,16.017284,71.90077,-33.660885,29.53976,-74.723724,-29.247248,16.49836,71.065216,-0.5258116,2.5052688,-25.818014,0.52582395,-2.5052688,25.818014,34.25993,2.0566115,-25.317053,32.72529,1.5922477,22.173355,66.91795,3.3006423,-22.532421,63.4462,2.0212166,26.929966,73.97087,-0.43164858,-22.987036,70.91795,-1.6029915,26.419106,68.921524,26.590883,-39.99187,66.43106,24.089262,11.00061
437,-50.98303,5.9791203,-6.3725104,-53.166782,5.316277,-14.09582,-53.163357,5.887155,-14.10321,-53.14561,6.523472,-14.110743,-53.245308,3.1372023,-6.020465,-53.256054,2.1285605,-6.020195,-53.249477,1.1704785,-6.033166,-51.822598,5.234847,-33.388435,-51.85971,-2.756912,3.211268,-49.14027,6.748914,-11.712463,-49.01827,3.8089283,-1.1410424,-42.25211,8.126332,-51.217926,-37.211098,-17.378416,24.912712,-30.464739,14.764975,-97.24444,-25.390587,-26.117935,72.11211,-31.525442,39.035748,-137.91197,-27.098577,-10.454063,112.640015,-35.894905,42.08166,-149.54102,-29.08705,-8.579095,120.0417,-36.72094,38.91318,-144.88182,-29.06509,-5.251906,115.35926,-35.08165,36.660957,-136.96504,-28.363201,-5.2590747,111.86329,0.041300926,10.366277,-24.95573,-0.041315954,-10.366292,24.95573,26.032358,11.47285,13.459558,21.502333,-5.5008683,73.72686,50.285767,3.9580655,40.084423,40.35864,-17.836514,117.943,56.246723,-0.89584535,43.096268,46.398117,-23.052168,122.743,48.63229,19.471252,33.06858,39.60296,-1.3694533,121.18504
450,-36.373444,56.26694,-31.527657,-38.48945,54.407234,-36.73061,-38.460697,53.49707,-36.737774,-38.40587,52.52856,-36.7435,-38.5454,55.655163,-33.12687,-38.570282,55.60715,-33.133526,-38.606712,55.53881,-33.14337,-37.51457,45.13282,-45.77846,-38.26327,47.638935,-30.415974,-33.69272,52.542538,-33.110588,-34.044247,54.29717,-28.639492,-20.038498,38.303185,-42.326187,-34.31797,20.394129,-17.72131,1.1338753,30.00907,-32.97556,-28.53482,4.4683414,12.0996065,-4.366774,60.293835,-17.32581,-26.146877,18.20161,35.323177,-5.8078737,66.74811,-18.473568,-28.035715,21.434841,36.381683,-8.978148,66.05519,-17.512049,-27.130005,24.43607,34.063663,-8.326433,63.504124,-16.340736,-25.409096,23.228783,34.95021,3.4018846,3.4597266,-11.285692,-3.4018888,-3.4597266,11.285692,21.53054,-11.28361,17.990038,12.6701145,-16.245934,38.825214,36.897842,-30.798471,40.488747,25.59782,-33.372723,66.29672,39.06653,-38.7138,42.89592,28.318674,-39.473724,69.400185,39.199036,-18.846209,43.57073,30.748442,-23.742596,74.76849
474,-51.900494,14.561494,4.6280155,-54.231853,11.758577,-0.476923,-54.286446,11.151067,-0.49378866,-54.341526,10.529919,-0.5043958,-54.139416,12.128099,5.8889947,-54.11736,11.796932,5.883531,-54.106037,11.420777,5.8647256,-53.259586,6.888245,-10.335166,-52.75302,8.326371,17.704102,-49.94402,13.236326,2.2908223,-49.741238,13.913247,10.454332,-41.303974,0.072055444,-25.03942,-38.601433,-3.961356,39.218567,-23.7722,-7.154295,-54.34984,-21.234447,-16.039429,64.13157,-27.673738,27.546259,-77.4102,-24.685131,4.79007,82.65053,-31.877888,28.6973,-82.98686,-30.062288,1.8890897,87.38052,-32.734253,27.736933,-76.8126,-29.874697,7.254707,83.21965,-31.76723,26.688206,-75.06587,-27.869617,7.2375402,81.191154,-0.24215177,2.9742706,-20.51119,0.24215177,-2.9742706,20.51119,29.569483,-0.8117219,-21.393444,29.211578,-2.7608142,16.802015,59.740883,-6.987663,-23.621843,56.869328,-8.5487,17.14344,64.80978,-12.352461,-24.220177,63.545628,-13.343087,16.336575,60.801388,13.877077,-39.432735,58.813637,11.070532,4.6191697
483,19.061037,48.675735,-421.5717,24.117634,38.83374,-438.71146,26.875868,37.598576,-438.59015,29.664463,36.450092,-438.54703,15.201475,40.26182,-439.96182,12.357389,39.814426,-440.08374,9.518997,39.49892,-439.99237,32.851967,26.611063,-415.16977,3.0599518,32.034275,-422.3715,22.043655,50.270493,-400.738,10.8121,47.55252,-403.1116,37.98145,-6.82268,-322.17606,-23.467134,16.853783,-331.37012,52.85386,-84.603676,-181.22467,-75.83958,-27.23718,-224.16077,55.881847,-16.282457,-118.590126,-66.887375,52.884876,-173.58067,62.290268,-4.7278605,-127.287605,-67.120514,65.49791,-188.2695,53.094925,7.985425,-135.26018,-57.6562,62.340622,-197.17203,49.07848,7.9829917,-119.49605,-55.538136,58.65613,-175.87016,18.381802,-6.504521,3.3529177,-18.381784,6.504521,-3.3529177,16.774033,-42.67502,261.43777,-24.388647,-44.37165,263.3516,9.268997,-91.3122,512.35394,-30.719704,-78.56705,512.5845,6.044287,-99.81716,541.7111,-23.444294,-67.88427,540.9716,22.105263,-64.04118,565.3424,-26.08988,-55.05985,558.5236
494,-51.020958,17.518373,-96.864655,-53.182064,14.219981,-105.046425,-52.8489,13.363825,-105.02839,-52.47199,12.524505,-105.03873,-54.053856,14.708002,-96.43475,-54.311203,14.124065,-96.46422,-54.522766,13.52489,-96.48063,-50.224464,4.1766033,-117.870926,-52.692776,5.1664667,-79.5225,-48.04962,15.136303,-98.84523,-48.614723,15.345113,-87.891335,-31.009022,-5.4882245,-112.61552,-47.146984,-11.589208,-46.62524,-4.208149,-2.7684104,-108.1128,-35.961967,-9.704508,17.546148,-9.599588,37.312096,-102.52054,-40.595116,15.746639,49.521236,-10.469151,42.28017,-113.477066,-45.08322,18.468174,51.509327,-14.498962,41.65981,-113.308464,-45.622856,18.504156,41.97121,-14.3329115,40.07527,-102.6494,-42.924786,18.250334,46.455147,4.493961,-0.04208486,-24.760939,-4.493961,0.04208486,24.760939,27.228567,9.568486,45.072586,17.525629,4.0648265,91.682846,48.171783,3.2436213,111.92165,40.103573,1.4375209,169.16965,51.545864,-4.254297,118.696365,44.509174,-4.723316,177.55243,54.660408,23.97966,102.50323,43.02162,12.554595,170.7418
499,-30.114735,52.610325,-118.97907,-33.72259,47.545303,-121.604225,-35.987785,40.527145,-121.62086,-36.38478,37.45205,-121.68727,-34.456165,55.44015,-120.40704,-34.942406,56.89785,-120.41732,-35.450085,58.508293,-120.44513,-39.21224,30.434895,-111.698875,-38.42913,57.080162,-106.88667,-28.200563,43.077614,-112.20653,-28.789192,52.388836,-110.86307,-24.994434,6.3358583,-98.4416,-37.867245,43.14555,-75.46895,10.304505,4.431636,-96.44365,-19.068462,34.199554,-44.208523,27.550587,56.03766,-89.56006,-15.854272,42.637367,-23.447899,32.195644,66.63891,-95.68066,-18.079777,43.653664,-21.199987,26.989052,72.72327,-90.03482,-17.918734,48.70395,-22.719135,24.778784,69.13161,-86.93199,-16.135403,45.862015,-23.359186,2.8671925,-9.556498,-6.2567005,-2.8671882,9.556501,6.2567005,28.658794,-23.388287,38.464645,21.91283,-12.152314,54.868786,36.951557,-31.402216,86.17562,31.637016,-24.217459,101.829254,38.147076,-35.880505,90.78876,33.030914,-31.29174,107.379684,42.682987,-29.043562,85.841446,40.65898,-25.659513,106.590096
514,3.2003958,83.51044,-150.64198,5.2924013,80.62999,-159.14293,6.7400374,79.56045,-159.15569,8.174375,77.76981,-159.20248,0.50800306,80.19409,-158.6741,-1.3919946,78.750435,-158.70296,-3.2119339,77.23911,-158.70612,10.991779,67.718,-158.70526,-7.058705,66.65648,-156.92558,5.7876887,80.69322,-145.4341,-0.2430626,80.070114,-144.8646,23.32795,40.40511,-132.43524,-20.694412,39.55155,-133.15482,44.77395,19.05266,-102.699684,-43.345222,25.366125,-99.96333,45.708157,70.35138,-93.57578,-42.82617,68.27454,-87.287506,51.38101,78.18133,-104.21325,-48.54626,75.933014,-96.97803,47.210495,77.69129,-105.80168,-46.17403,77.09456,-99.3192,44.739,74.32515,-94.12382,-43.548645,74.26888,-87.765656,8.501212,1.4240999,-0.96114755,-8.501202,-1.4240794,0.96114755,8.085614,-8.897184,108.82921,-8.956931,-9.371762,113.04165,6.693261,-24.469141,236.09883,-9.041085,-25.54433,241.63225,6.4771547,-30.76213,251.49193,-8.042053,-31.597647,256.9855,4.678776,-7.875343,267.16772,-8.543862,-7.613607,271.63455
522,-55.233265,-3.1711075,-11.34196,-58.00516,-8.735303,-17.16427,-57.929867,-8.902074,-17.164793,-57.77273,-8.845595,-17.169382,-58.181553,-9.41142,-10.024956,-58.219284,-10.095577,-10.032231,-58.150948,-10.544359,-10.047973,-55.089073,-10.314811,-31.70058,-55.41963,-13.213224,-0.6090049,-52.34693,-1.5628072,-15.571793,-52.485348,-2.2887642,-6.5461593,-38.3755,-4.071972,-41.476776,-37.78469,-20.415249,21.049492,-23.508251,15.876114,-36.67939,-21.625484,-9.697084,45.61354,-33.113785,18.166857,-14.329572,-26.136723,-3.2833505,62.80371,-38.37924,22.3011,-14.739214,-28.157143,-3.7419763,66.12338,-37.318375,16.697004,-13.757214,-29.46221,-2.960795,64.079704,-36.346622,15.8780575,-12.898226,-28.622389,-2.094952,62.198185,0.37919998,6.004553,-20.889235,-0.37919128,-6.004553,20.889235,29.481108,9.811937,-8.894272,27.154106,2.4696481,35.211483,59.3481,9.694659,-3.150736,52.360226,3.013066,54.1179,65.43311,6.726494,-2.681289,59.14069,0.4808758,55.63241,58.427925,28.805695,-12.564545,51.9914,19.727528,54.225178
545,-50.577587,17.40339,-10.287828,-53.018646,15.271139,-15.853296,-53.02946,14.758946,-15.8649025,-53.041744,14.228079,-15.884306,-53.21793,15.357192,-9.839662,-53.373016,14.90932,-9.841894,-53.53229,14.431784,-9.863488,-52.093403,9.165944,-28.90501,-52.77676,9.313238,-2.467038,-48.45459,15.640701,-13.54794,-48.616516,15.361555,-5.8503957,-39.12571,2.8666713,-33.81298,-40.771774,-6.9151425,17.060831,-19.400423,11.770529,-46.819225,-26.304659,-4.385391,46.46293,-37.87941,23.26696,-54.40322,-35.877766,8.318184,70.28971,-42.23707,25.903902,-58.516808,-40.09784,6.244975,73.88736,-43.74422,23.465887,-56.283165,-41.339516,12.04186,72.24144,-42.1147,21.881851,-53.45111,-39.399643,12.974554,69.93245,0.338729,6.354814,-16.232569,-0.3387186,-6.3548193,16.232569,29.69008,4.2214627,0.7538821,27.432144,-3.4886918,26.226088,54.031754,-5.9368415,15.206649,50.083054,-7.6309366,41.784233,59.199165,-10.756523,16.244146,55.447285,-11.78824,42.98764,56.235737,12.709099,5.3793335,52.154934,9.711768,36.118923
554,30.394724,66.69618,-72.29249,33.771538,66.70567,-76.59175,34.67482,66.20047,-76.6043,35.632137,65.553246,-76.63391,31.464973,66.5026,-81.66101,30.704243,65.93591,-81.679,30.052332,65.366035,-81.702896,36.86539,55.929817,-76.85325,28.794994,58.63035,-98.92193,29.277521,62.45235,-68.89463,27.750229,62.298233,-75.352875,38.794758,23.025705,-61.343594,10.558999,39.936275,-90.15987,46.870266,0.0070194313,-5.745984,-14.242056,26.609962,-75.06226,42.114483,21.149567,28.584286,-18.558168,65.56658,-65.18748,44.880157,27.502813,27.412706,-19.252584,74.24484,-73.51432,42.69618,24.17656,23.008099,-14.50856,73.73162,-76.64235,40.060852,24.178862,27.846909,-14.08168,70.53885,-66.161606,5.819031,-3.123335,13.675091,-5.819011,3.1233544,-13.675091,-2.6079137,-15.432689,102.29079,-15.247355,-12.207961,80.541725,-9.314532,-28.797956,198.2289,-20.617884,-28.209612,173.20686,-11.03246,-32.10119,209.73828,-21.984177,-34.075653,184.0931,-7.9219155,-12.096782,214.07474,-19.10892,-10.596515,184.00027
564,-27.87662,-52.424217,20.786718,-31.174469,-49.474308,25.155386,-29.465271,-52.04575,25.133455,-29.340273,-52.17621,25.114418,-31.57889,-49.037273,20.225182,-31.730743,-48.65185,20.195475,-32.124718,-47.90637,20.160223,-29.029612,-47.80367,42.664913,-30.482641,-42.580135,19.617813,-25.907866,-50.013416,27.04639,-26.464304,-48.21672,20.253864,-17.884169,-40.943836,47.214405,-27.15338,-25.17438,8.375464,-21.643167,-42.21026,52.92419,-28.773773,-10.302962,-18.265852,-34.262486,-50.736954,59.37572,-30.267223,-9.362743,-34.153698,-37.93411,-52.134907,59.733276,-30.474531,-7.968326,-36.12722,-36.187622,-52.381794,60.81245,-30.63513,-9.788635,-36.386784,-35.91246,-52.117474,59.548985,-30.14358,-9.9155035,-34.2693,4.2032547,-4.517197,14.782582,-4.2032547,4.5172067,-14.782582,21.679115,-24.852388,-2.8987484,-4.9829955,-8.118135,-54.411785,28.254913,1.125738,-5.713396,5.969087,9.092018,-58.8244,27.840645,3.9726555,-7.015299,6.1294184,14.026531,-58.730568,35.271736,3.9763796,-17.840515,12.6021595,8.445677,-68.716415
571,3.6117296,83.209755,-186.58893,4.7242346,79.55383,-198.54053,5.818887,79.025696,-198.53645,8.913429,77.56444,-198.55557,0.7067012,81.047905,-199.23904,-0.84418833,79.94214,-199.25642,-2.449372,78.656944,-199.23167,8.988181,67.727196,-202.06023,-5.8163238,69.501495,-205.34169,4.416479,73.22725,-181.07281,1.030863,72.91611,-182.02995,22.24245,39.131733,-171.31184,-19.86743,40.832985,-173.99094,42.15705,22.498508,-131.00188,-43.63241,36.646564,-127.7515,48.079727,65.79431,-121.19079,-43.945587,73.05407,-109.08265,52.031624,77.79054,-137.58769,-48.33339,79.79411,-123.55667,50.216217,82.159195,-140.46184,-46.583714,80.818886,-127.41684,48.216675,78.32074,-122.726166,-43.97303,78.606285,-110.14892,8.538877,0.111964785,-0.888746,-8.538877,-0.111985885,0.888746,7.2628555,-12.859766,144.01608,-9.704135,-11.0450325,148.52196,7.8999534,-26.076189,301.80237,-11.22007,-27.400648,307.50293,7.217308,-34.100685,320.88483,-10.411005,-35.186325,325.9718,6.6923647,-8.097569,338.3206,-10.695232,-10.6411495,340.25012
580,-50.483902,57.589996,-241.14146,-51.710182,52.198116,-251.21887,-50.672752,50.72604,-251.21207,-49.613583,49.290367,-251.3021,-54.49917,53.557373,-241.06798,-55.32719,53.288895,-241.13231,-56.158264,52.990456,-241.15758,-46.118248,37.728783,-251.91756,-55.32567,42.227642,-206.6867,-41.88591,59.09394,-236.26865,-47.619408,54.01032,-223.31667,-18.03864,13.102295,-225.69664,-52.797394,24.076391,-141.28416,24.454388,-0.22297345,-219.62408,-44.842815,35.362434,-46.697365,21.760351,46.238224,-214.36967,-46.461555,71.42294,12.884709,21.165842,58.164776,-232.3872,-48.423244,78.93665,15.869734,16.444519,59.70511,-232.262,-46.83709,77.35871,4.3805447,15.317294,54.53506,-214.51561,-44.054035,78.34158,9.6968775,7.994603,-4.065906,-32.847572,-7.994592,4.065906,32.847572,34.89818,-10.871015,105.64946,-3.2967772,-0.30602676,181.21178,60.491276,-38.89259,259.41788,13.373698,-25.942574,347.37915,63.60398,-50.246067,275.58807,15.8713455,-35.29285,364.94037,68.18825,-16.003326,251.02187,18.539293,-13.496128,358.62347
588,54.843075,-1.8021514,-36.841328,56.89006,-6.40216,-35.93757,56.84364,-7.27476,-35.93923,56.758743,-8.091196,-35.952087,56.68688,-5.032707,-42.16229,56.516926,-4.9177446,-42.170296,56.297863,-4.746527,-42.17233,54.61203,-11.2992,-23.971153,54.133766,-6.662031,-52.199387,51.900166,-1.8668679,-30.856318,51.69909,-0.7914669,-38.994892,41.440716,-17.336508,-3.8422036,34.465824,-7.92608,-55.376476,31.424284,-17.60595,26.677967,17.815416,-11.759489,-49.85941,40.180706,13.265417,38.04374,23.449678,25.933805,-36.976738,46.171173,14.533843,37.458317,27.746838,30.744255,-42.407974,45.1846,14.973514,30.942873,29.948551,28.42627,-41.987766,42.587814,14.691213,35.396828,29.155373,25.939707,-36.56526,1.731484,-4.4219866,19.276598,-1.7314725,4.421998,-19.276598,-25.523153,2.3775754,47.40239,-30.979559,5.6617246,-0.034090966,-47.97269,-9.090366,80.9666,-57.637478,-4.676945,22.269077,-51.288807,-15.784531,83.95194,-61.1695,-11.603862,24.403708,-53.6438,7.3072166,79.68269,-61.68052,10.183049,13.9837265
593,-49.254627,47.20307,-33.716698,-49.667595,46.696693,-39.86583,-49.065365,47.324707,-39.879055,-48.477818,47.99368,-39.888386,-50.65826,43.752872,-37.83076,-50.728268,42.170734,-37.83924,-50.022053,39.876568,-37.839935,-43.79522,43.878643,-51.292503,-47.49256,33.8846,-43.441372,-45.21665,47.495823,-35.766636,-45.089592,43.14032,-33.45564,-19.814209,44.948174,-52.059658,-38.64548,9.663756,-31.334377,7.0821514,67.80345,-42.666084,-32.76936,-7.6238146,-3.638434,1.5753858,88.30279,-25.493713,-33.716236,12.74152,31.609028,-1.5279655,95.06172,-27.191984,-36.9402,15.495549,36.156418,-4.5234923,92.00173,-26.23246,-35.67891,19.05458,35.02038,-3.8245223,88.923775,-24.548437,-33.350967,18.561901,32.37883,4.6302094,7.323025,-9.539994,-4.6301985,-7.323025,9.539994,21.260027,-5.9849415,24.495607,13.744524,-18.33656,41.127186,36.994213,-29.077663,48.14173,30.106255,-35.695156,69.28482,40.675507,-35.834324,50.70489,34.182037,-40.292503,72.8873,35.402542,-14.812862,54.086357,29.641401,-22.379465,80.99114
608,36.468266,-11.636316,59.02975,37.949215,-15.943559,58.62847,37.306957,-15.935167,58.611954,36.91471,-16.79632,58.573574,39.46582,-14.740131,53.752853,39.936333,-14.715698,53.746193,40.893288,-14.830949,53.706573,35.878307,-22.98282,56.560158,41.30156,-17.234316,33.750965,34.546844,-14.319396,58.9728,35.676975,-13.869979,52.30971,24.04421,-31.454811,49.078373,37.99333,-19.055998,19.379808,17.10839,-16.650743,58.733906,51.75227,-3.9039717,19.957766,11.757947,-7.4354215,67.66393,52.150936,11.159556,63.648975,9.805778,-5.771361,67.17005,56.026817,14.01083,67.8322,10.814467,-5.9713507,67.18736,52.969234,16.56954,68.97577,11.489574,-6.07884,67.28896,51.261486,13.757922,65.22382,-2.519077,-5.7899656,9.575561,2.519074,5.7899685,-9.575561,-32.22244,25.896412,11.941231,-31.25455,34.320824,-14.204157,-56.11729,37.69917,17.197496,-55.8319,43.199516,-11.680512,-60.343147,37.42977,17.480576,-59.275986,41.10899,-10.697622,-61.000095,48.975025,8.334949,-63.538902,53.540565,-22.883308
629,-55.753525,33.366417,-28.833351,-57.581375,30.301508,-34.82758,-57.157265,30.228895,-34.830246,-56.715614,30.162212,-34.84643,-58.222717,28.862047,-30.717648,-58.220238,27.733305,-30.738766,-58.214073,26.569489,-30.77132,-54.11892,25.253578,-48.754993,-55.82338,19.197535,-31.060991,-51.80094,31.672672,-32.269073,-52.458427,30.104786,-27.129702,-32.19467,26.356915,-48.930584,-45.157722,-5.945941,-25.686026,-5.8901772,24.759666,-35.26302,-28.352291,-21.245216,1.7465919,-10.37125,38.100872,-15.61248,-26.060629,-4.51933,25.570366,-10.49904,42.84129,-17.307241,-26.95693,-3.6920483,27.255848,-15.44586,37.797935,-18.018242,-26.994816,0.48164123,23.194641,-15.263171,34.975002,-15.5632305,-25.71888,1.4078108,24.663912,3.8528013,9.781286,-10.526571,-3.8528113,-9.781296,10.526571,19.87523,1.5417615,33.547005,12.817205,-9.542983,52.05701,38.758224,-4.2378435,70.69298,29.966137,-15.640659,94.239136,43.11779,-8.042843,74.94352,34.220375,-19.72889,99.219,33.57996,2.7940645,77.64811,29.863867,-6.2136436,107.90502
652,12.601291,67.78635,-257.15915,16.063698,63.230896,-263.2384,18.100183,63.072395,-263.2633,21.25554,62.385387,-263.30884,9.450027,62.079197,-266.5665,7.1903534,60.352802,-266.611,5.481354,59.236073,-266.62735,25.827211,49.89796,-235.60677,2.4116664,52.315212,-249.07718,15.986022,68.744415,-240.1933,8.822778,66.42331,-244.25706,43.406986,26.422644,-173.42839,-20.573057,27.690905,-183.45946,72.591606,10.863469,-114.00797,-45.585003,16.620098,-121.790184,68.75578,61.626553,-108.98174,-39.8755,73.87449,-108.450745,73.09933,68.238464,-123.154434,-39.877018,80.680725,-119.827866,66.654106,68.91625,-130.10704,-34.744144,81.1889,-128.69908,63.689922,66.08873,-111.538025,-34.19656,79.0765,-111.51704,10.263397,-1.6911825,7.9910665,-10.263384,1.6911825,-7.9910665,8.061131,24.298092,127.76271,-17.430487,22.902424,120.78955,0.05126315,9.379429,294.0616,-16.901154,17.74432,276.73233,-1.8212348,3.6388755,312.4884,-16.882294,12.363752,294.10745,-2.2744122,27.311277,313.98007,-16.583685,35.634266,291.65546
694,57.57835,17.151714,-24.62619,58.656353,11.438299,-23.970098,58.56188,10.804599,-23.983438,58.48471,10.099845,-24.011978,58.113766,11.490802,-29.271667,57.651943,10.882967,-29.273657,57.201912,10.170522,-29.270771,55.00046,4.0347414,-14.561174,53.534008,5.178133,-38.15421,54.55368,17.61279,-19.691458,54.241035,17.717041,-26.46238,42.23008,-6.531166,-1.7629627,37.69221,3.0059905,-39.50285,27.154764,-14.193927,25.573889,16.071993,4.535141,-36.0542,34.81183,15.131111,38.637447,25.3033,37.305443,-29.216454,38.957344,17.173397,38.832306,29.8141,41.64831,-33.471912,39.23802,18.520649,33.97415,31.734556,39.45984,-32.65676,37.736683,18.64967,36.973137,30.63879,37.30944,-28.79692,1.9506156,-3.3271472,14.316003,-1.9506156,3.3271472,-14.316003,-19.193754,2.3621268,35.283924,-27.812328,4.984663,8.740005,-37.713886,-5.0621853,59.33074,-41.613285,0.7997458,31.534454,-41.631298,-9.591234,61.649235,-43.23119,-3.4211006,34.12174,-38.685192,8.884228,62.753952,-42.71785,13.437383,31.731419
713,59.96247,-0.50211686,0.06584772,59.210957,-4.7166867,4.692794,58.85936,-4.9538,4.6886573,58.47204,-5.280889,4.6901817,58.944862,-4.7747025,-3.4445975,58.44323,-4.991043,-3.4521554,57.91023,-5.2810683,-3.4637678,53.77602,-7.172218,25.139194,53.832203,-6.5533214,-11.548183,57.45522,2.6119692,8.070648,57.252716,2.7629132,-2.552226,37.567997,-6.1186576,48.78561,42.376728,3.145055,-33.232765,17.268005,-21.13137,56.59916,20.454891,-15.035963,-63.85395,22.396538,10.951291,50.019615,28.243273,23.225481,-86.43664,27.01514,12.19482,52.324398,32.76552,25.13892,-95.460724,28.896904,13.833958,46.03537,34.135994,24.476433,-86.16545,27.536287,14.411036,46.960712,33.09384,23.755602,-83.359344,-0.09328687,-3.8107588,27.476288,0.09329215,3.8107588,-27.476288,-30.972994,0.586694,24.51814,-32.74225,3.1075275,-25.95743,-62.937824,-1.702604,32.209023,-66.71454,-0.68936545,-24.79961,-68.16956,-5.733595,31.859095,-73.145935,-5.0217485,-25.253033,-63.272644,23.35715,18.110104,-66.96027,24.778774,-43.914665
718,-51.432228,71.6912,-110.22506,-53.367157,68.784515,-119.373825,-52.371334,69.09053,-119.37294,-51.46395,69.35709,-119.421326,-56.708527,65.34255,-112.93467,-57.84343,63.118416,-112.97323,-58.83574,61.26462,-113.00142,-47.61401,63.37758,-135.35425,-57.95412,50.110268,-107.43677,-46.44304,71.15131,-113.01317,-47.62311,67.98457,-105.00514,-18.621862,32.46954,-122.098694,-51.61361,5.8316145,-85.80108,15.638656,0.74037534,-103.68356,-51.8438,-28.534243,-21.564646,10.962046,51.188595,-80.132164,-60.53224,26.60382,34.044525,11.91077,64.77325,-87.83209,-65.45748,33.49375,35.61414,6.557189,65.01023,-87.447296,-63.34626,36.39709,28.580275,5.3239703,61.49608,-79.78261,-61.241417,35.115166,32.46634,10.151525,4.8412232,-17.629137,-10.151534,-4.8412333,17.629137,34.09791,1.695673,90.21098,-14.057287,0.6979926,125.24605,59.34835,-18.819944,193.34026,-3.8159409,-29.490793,237.03087,64.123344,-27.63621,205.32837,-0.78032494,-36.613194,249.44102,60.461426,4.265846,200.21376,-2.4216616,-7.0042067,259.67346
724,1.2992736,22.124886,-265.00107,-0.9239084,34.309223,-271.7792,-2.9072888,35.98241,-271.82,-4.8837266,37.61622,-271.91583,5.463223,31.641737,-271.9309,7.5103855,31.465261,-272.00497,9.562661,31.250671,-272.03445,-7.5504923,47.24678,-248.88913,13.99214,37.612972,-250.646,-1.7885616,21.662691,-250.29099,4.231743,18.917255,-250.87746,-22.717043,51.211338,-204.26721,30.642164,28.39514,-190.21004,-41.01586,24.067818,-159.11859,38.342415,1.6534613,-121.702446,-34.26995,-44.7619,-143.65863,16.733824,-24.352854,-86.06471,-37.64852,-57.457806,-157.35794,15.237087,-30.591223,-92.76877,-29.013178,-58.23307,-161.88625,10.325454,-23.188429,-97.88166,-26.556067,-53.705383,-144.88185,9.954631,-19.991516,-87.0836,-14.317439,4.45557,-2.359816,14.317439,-4.455578,2.359816,-6.1999993,-2.7288465,147.00119,17.50289,5.761346,165.01,1.2273862,13.078037,326.02185,18.498161,16.527315,329.72165,4.447116,18.874779,345.40936,18.424694,22.81238,347.6939,-1.3298165,0.39016184,335.11353,15.229522,0.7847597,336.95416
740,-53.59071,12.828678,12.114091,-55.369335,9.723795,5.8660226,-55.35489,9.257614,5.8561845,-55.33196,8.75992,5.8521056,-55.16778,9.589079,14.3619585,-55.0244,9.050072,14.356899,-54.888504,8.469162,14.3417225,-53.182846,4.2054205,-10.13554,-52.855206,3.983923,27.39741,-51.19757,12.720825,7.291292,-51.103287,12.441723,18.200129,-42.895485,-0.5986521,-30.62197,-36.337795,-10.450562,49.265106,-32.48197,-6.7986913,-65.82634,-20.88497,-22.125547,79.479126,-32.87092,25.155819,-88.52676,-21.510292,-0.40861318,99.30312,-38.062553,27.55903,-96.11071,-24.608665,-0.8455225,105.21535,-38.570324,26.386934,-88.3217,-25.612133,3.1360655,99.16877,-37.19257,25.389395,-85.489655,-24.297554,3.436844,97.159676,-0.4749135,3.9833899,-25.421862,0.47492272,-3.9833717,25.421862,31.890709,6.339296,-31.621561,31.946491,3.8952284,20.89385,63.7201,1.3060215,-33.133247,62.735302,-0.47180626,20.357933,69.80326,-5.7266884,-33.345806,68.65155,-6.990275,19.348488,67.73539,24.465052,-47.95841,66.515366,22.739882,5.6712956
741,54.678005,14.246427,10.78925,56.250053,9.9329195,14.156503,56.17465,9.272828,14.159221,56.09069,8.629371,14.159855,56.319595,10.086974,5.120414,56.30209,9.564728,5.112312,56.268112,9.075466,5.104226,53.855495,2.7547145,32.11098,54.12089,4.7719426,-8.475154,52.029152,13.333959,18.52704,52.220905,13.439891,6.7008414,36.758266,-9.757586,59.804638,42.865715,2.0103374,-31.407803,19.37069,-10.945968,63.121914,24.096432,-1.5682807,-52.543198,26.148563,12.7343025,49.787666,30.609503,30.150232,-50.812836,31.937593,12.265967,51.889126,37.242374,33.005966,-56.253445,32.83752,13.510747,48.092632,38.16011,29.326597,-49.484837,30.825659,14.452176,47.490097,36.233253,28.135618,-47.71802,0.034214005,-4.21109,28.831451,-0.034228124,4.211076,-28.831451,-31.41121,4.7132435,25.917316,-32.67048,11.106772,-27.092897,-64.33424,2.8954394,29.600693,-65.44474,6.853716,-26.19799,-70.774284,-1.4499931,28.659416,-72.393326,1.3330611,-26.686743,-63.745956,25.627602,15.223676,-64.989746,30.288813,-42.966843
743,50.442005,48.85222,-69.92344,52.814095,47.094543,-70.56206,53.148407,46.19486,-70.57393,53.499516,45.20567,-70.5963,52.081444,47.837612,-78.4433,51.86441,47.55744,-78.45823,51.61526,47.104347,-78.4515,52.975124,35.906216,-60.07464,49.86967,39.119724,-95.10578,48.505993,44.49725,-63.09502,47.715958,45.527706,-73.30305,45.919693,2.398163,-25.408688,30.378809,21.654629,-94.45994,38.108414,-3.2882745,34.65814,3.125482,25.886467,-78.058365,42.473366,23.718573,67.12405,16.561668,54.3732,-57.73292,46.73195,29.50867,68.68298,20.822496,59.600693,-65.68236,46.30508,31.653503,59.914524,23.117247,57.453285,-68.017555,44.242863,30.263332,64.27755,22.210674,54.49505,-58.141525,4.4531574,-5.44788,26.545153,-4.453167,5.44788,-26.545153,-25.877258,-10.268994,89.77866,-36.84926,0.424546,13.994243,-49.16765,-22.911345,163.8679,-65.015076,-9.907397,51.89346,-52.195377,-28.31381,171.52025,-71.06916,-15.409631,55.390907,-50.55867,-2.2924104,168.56339,-64.68531,15.370011,40.266113
759,20.100388,-39.270695,88.93088,19.470362,-41.639103,87.71561,18.9225,-42.049564,87.72378,18.160791,-42.9698,87.72415,21.337582,-40.940174,84.94782,21.693048,-40.6734,84.96482,22.005531,-40.618977,84.940735,16.869202,-43.462563,79.124916,22.41887,-40.1373,66.9001,17.656908,-38.54112,86.25505,20.10072,-37.915134,82.67539,5.536804,-40.7317,62.292908,24.77004,-33.305412,37.73679,-4.8284593,-40.78101,48.5733,37.365376,-28.297588,8.39436,-2.2035306,-25.685009,35.792664,36.174397,-12.943284,-4.300443,-2.8146908,-21.98295,34.052925,38.329094,-10.826391,-5.613199,-1.5188317,-20.72548,35.670914,38.923668,-10.400551,-1.6987205,-1.1091087,-22.014896,36.072624,38.461235,-10.624184,-2.6034827,-5.8540664,-2.2659912,9.677018,5.8540597,2.2659912,-9.677018,-15.660049,40.041103,16.113386,5.5041437,42.604836,-7.866405,-21.084993,70.1996,-39.11139,-1.013822,72.75663,-63.48721,-21.779959,71.72934,-45.36344,-2.6313233,74.74582,-69.1273,-22.587496,89.079575,-51.704834,-2.8860562,87.37954,-76.246475
760,-14.67581,-16.105694,-127.32985,-12.266841,-22.459503,-133.79547,-10.22258,-24.16225,-133.78699,-8.234878,-26.253275,-133.79236,-17.38022,-21.060839,-132.33401,-18.967602,-22.534222,-132.35571,-20.052525,-23.516945,-132.35121,-3.6155288,-41.714497,-124.00407,-24.806408,-28.465738,-117.46782,-10.988945,-16.073084,-119.92092,-15.931938,-14.979002,-118.13062,9.912059,-48.94124,-94.953064,-33.406403,-27.531094,-88.83832,33.012814,-43.52671,-106.71995,-46.976467,-3.6389134,-109.96471,33.06707,-3.3775456,-141.3165,-51.366585,26.415848,-160.84421,36.514107,2.5087256,-148.81065,-55.404957,37.28287,-168.13011,30.314371,6.3124127,-150.84506,-51.666824,33.79039,-172.43445,27.46502,4.7230334,-141.78967,-47.452023,30.819107,-163.19359,11.505837,-4.3890986,2.1332963,-11.505825,4.3890867,-2.1332963,38.679707,-14.057064,-8.940068,-30.07323,-0.83787453,14.136739,30.066973,8.641016,20.895414,-37.191677,21.830532,35.98329,25.456488,9.254782,24.809921,-36.239697,25.202906,39.010826,34.132812,27.74548,19.939964,-40.385757,35.83468,38.94622
805,-51.01409,12.838024,13.871461,-52.913006,10.251071,7.3969593,-52.93681,9.7764,7.390686,-52.966434,9.302662,7.3893695,-52.83798,10.348005,16.034784,-52.79114,9.912226,16.0311,-52.73161,9.476284,16.02005,-51.313812,4.099055,-9.457413,-51.009773,4.910433,28.999758,-48.842594,12.438061,8.784003,-48.701797,12.468466,19.957434,-42.84715,-1.4174347,-31.491283,-36.15147,-11.200793,51.166553,-34.47586,-7.270361,-75.50276,-23.130863,-21.946747,87.50666,-36.18969,23.491268,-104.72506,-23.288986,-1.6566316,115.59372,-41.502262,26.268545,-112.705444,-25.938007,-2.1788263,123.601166,-41.741096,25.231403,-103.54307,-26.132854,0.8941251,117.544106,-40.21843,23.79906,-101.25878,-25.374672,1.5695331,113.75096,-0.50531095,3.74435,-26.589949,0.50530195,-3.74435,26.589949,30.664965,6.4212413,-31.941643,30.759256,3.7353058,23.093723,61.236053,-1.2904911,-33.385616,60.133026,-2.5127277,24.568132,66.83459,-9.574854,-33.339928,65.65439,-10.343618,23.862993,68.47437,19.84993,-47.190266,66.864815,17.79499,10.186906
809,53.80928,12.977884,-6.5640516,55.34971,9.602149,-4.1838474,55.2955,9.254719,-4.1865525,55.22568,8.901366,-4.201847,55.310925,9.504795,-12.571016,55.25432,9.029509,-12.575446,55.172157,8.517206,-12.587026,53.33805,4.512488,11.427428,53.140224,4.521304,-26.907053,51.378735,12.876553,0.19810733,51.422127,12.877351,-11.0324745,39.04563,-10.02201,38.005558,40.391468,0.5483836,-46.390965,29.920391,-16.083134,104.06232,29.171967,-7.028339,-98.857155,33.177162,1.8654869,158.92644,37.786793,25.166714,-142.2765,35.60954,3.1346269,170.11768,42.882603,27.378681,-153.93846,36.295376,4.5668106,162.49104,42.98333,25.96091,-149.16385,35.55131,5.3605494,157.23482,41.56992,24.888136,-141.30547,0.5635207,-4.6297774,26.375929,-0.5635017,4.6297965,-26.375929,-26.771387,2.3824155,27.705973,-28.265528,13.368729,-22.976988,-53.26535,-4.2083554,42.667618,-56.534767,0.1827501,-13.366786,-57.33276,-10.023152,42.910156,-60.41795,-6.979405,-13.178913,-57.17255,10.900326,30.439642,-59.10871,15.78517,-29.252699
813,50.114906,21.160368,-2.3045158,51.945107,17.536861,0.5596201,52.059025,16.870018,0.55341554,52.20263,16.197681,0.5486191,51.68283,17.827343,-6.8590193,51.613163,17.388441,-6.865617,51.56362,16.933172,-6.8829308,51.57011,11.0047035,14.780781,50.857395,12.207591,-18.930052,48.050762,19.645319,3.8826666,47.667923,19.989494,-5.908889,40.796227,-5.803999,33.878403,39.054535,0.9197863,-31.076414,23.363026,-12.217092,52.36402,20.034595,-5.354763,-51.190098,29.242071,16.487453,56.23067,26.95452,28.602161,-59.037113,33.801155,17.663603,58.65749,32.73252,31.701374,-64.69775,34.210415,19.763561,53.167408,34.10282,30.052519,-59.978683,32.62084,20.004196,53.866238,32.59142,29.12612,-56.97167,0.8124891,-3.2753367,22.562101,-0.8124941,3.2753267,-22.562101,-27.737696,1.1588589,28.047136,-29.587915,6.331901,-17.44331,-50.60587,-1.5152826,37.064095,-57.02697,3.3002005,-10.797946,-57.72674,-3.7225955,36.648857,-62.48923,0.10094448,-10.951718,-49.85238,16.345198,26.657427,-54.13476,22.131392,-25.500437
834,-54.677643,12.135875,-31.39875,-57.27675,9.978576,-38.93501,-57.215584,9.622678,-38.943684,-57.14118,9.275683,-38.96708,-57.360626,9.671285,-29.585453,-57.39297,9.074722,-29.584497,-57.4484,8.418293,-29.580004,-55.513596,3.9659061,-55.56935,-55.92079,2.2108455,-13.854808,-52.097954,10.3054085,-35.812653,-52.057465,10.272154,-23.822363,-38.616146,3.420672,-71.242645,-40.916676,-12.053808,21.555222,-12.451433,6.644379,-56.58048,-24.194954,-11.732361,58.443886,-19.8211,25.758648,-9.032682,-26.960587,7.28799,77.33638,-22.132376,34.072205,-10.560951,-29.284203,13.450064,81.52742,-24.923416,32.070507,-9.323,-31.037754,15.926269,76.2164,-24.815823,29.111948,-7.0001907,-29.832157,15.291593,75.218285,1.5016178,4.9608088,-31.52298,-1.5016178,-4.9608088,31.52298,31.679535,1.1135375,-8.708892,27.592281,-7.9207487,69.393555,57.919777,-21.412947,19.655237,47.88874,-24.293982,115.567375,62.940918,-30.77703,22.426437,50.35481,-33.33532,119.9952,60.213356,-7.5266495,8.655777,53.94702,-12.919101,114.61514
837,53.416187,20.108335,-13.49815,55.559307,16.903566,-11.811872,55.57866,16.491152,-11.81412,55.589874,16.088524,-11.820149,55.583145,16.934664,-18.46219,55.625683,16.553293,-18.472761,55.658543,16.159672,-18.471975,54.37383,12.013194,-0.66989225,54.3586,12.785816,-30.508581,51.16201,19.220737,-7.9962215,51.2406,19.380655,-16.606031,40.014397,-5.6195774,15.43998,39.934906,8.466888,-39.799385,21.834593,-14.523721,31.177076,14.909777,8.900095,-36.89929,26.130953,4.339927,31.272644,24.77366,29.083378,-13.717909,29.638443,8.325004,31.160582,29.654194,33.14404,-15.7041235,31.715471,12.512732,26.978329,31.283108,30.568838,-12.695183,29.9336,12.155425,29.35159,29.300901,29.105837,-11.68959,1.2044649,-6.024717,21.434402,-1.2044758,6.024728,-21.434402,-23.713947,-2.234725,50.460007,-28.392511,8.600502,-5.231073,-46.797607,-4.903912,79.86457,-57.981754,6.4915442,7.3456354,-50.584965,-8.912153,82.27081,-63.909554,1.7290391,8.220594,-47.315544,14.25266,82.26553,-57.102196,26.584259,0.35129195
849,52.838356,9.122849,23.273596,54.754227,4.8337016,24.16393,54.658436,3.718155,24.156206,54.584385,2.4915133,24.14553,54.986286,6.087386,17.599583,55.01693,5.9139414,17.59642,55.061996,5.613808,17.585752,53.04383,-2.6627164,31.434212,53.743477,1.0777785,1.7407222,50.392456,7.366202,27.1481,50.822926,9.067016,18.424776,34.696083,-22.500505,45.218338,43.726746,6.6935315,-18.762074,15.4818535,-34.436375,78.73599,25.891727,8.032477,-52.16595,19.585644,-7.5602183,116.65495,29.843994,35.102364,-82.83579,21.907999,-5.6369724,125.593475,34.183,37.442398,-89.89759,23.826344,-2.7808883,118.53462,35.4552,34.156967,-81.501785,22.314217,-3.0301223,115.044365,34.12267,32.534325,-79.939384,-0.41671187,-6.9462047,22.52554,0.41671187,6.9462156,-22.52554,-35.279102,0.97145224,7.276523,-35.1309,10.673887,-19.297045,-69.50143,2.8202608,0.080253705,-71.14196,6.860032,-33.108143,-76.78912,0.007725026,-1.5580636,-78.412636,3.4929204,-34.435658,-68.83794,26.504025,-12.841156,-70.02581,32.049255,-44.944485
857,64.85093,35.62277,-145.20181,66.83467,26.845608,-145.41315,67.45822,24.203093,-145.42743,62.799335,28.082518,-145.437,59.686165,28.422749,-151.6829,58.678455,27.317923,-151.6932,57.67032,26.208738,-151.66478,59.57164,16.956516,-124.18639,52.016056,15.127224,-152.76074,59.65436,32.086174,-134.50331,57.658726,30.937338,-142.75888,52.105583,6.9697337,-86.63465,27.26221,3.0678558,-126.69712,44.418148,19.642902,-33.440105,-2.7446682,10.041,-102.697845,53.296947,44.466003,2.8629813,-18.253672,38.591393,-96.05832,57.81672,49.56872,4.1704435,-22.399578,43.64705,-104.406166,55.4693,53.944843,-4.063283,-19.584686,45.46846,-109.07029,51.90938,53.60856,0.50573283,-17.0142,44.470783,-98.06024,5.0614634,0.58089036,13.304443,-5.0614634,-0.58089036,-13.304443,1.5813079,-21.875364,41.102043,-12.10637,-18.948965,16.332056,2.196814,19.27924,142.98729,-0.4722198,22.427345,118.026505,-1.6914464,27.956749,155.07312,-3.0184488,29.501347,130.54533,9.1857,33.11142,161.75183,7.8101716,38.878296,135.98625
868,-51.37789,48.213432,-64.63444,-52.96972,45.066853,-71.03207,-52.565544,44.486908,-71.02018,-52.139656,43.912296,-71.021805,-53.877766,45.254375,-64.43404,-54.127728,44.792778,-64.45724,-54.374622,44.307224,-64.48671,-49.613125,37.037285,-82.98077,-52.240623,37.767723,-54.100048,-47.629185,46.3789,-67.19798,-48.907185,47.16337,-58.89929,-27.82393,26.028606,-78.69301,-43.39802,10.405371,-29.305693,-3.233897,13.616573,-67.879845,-35.312958,-8.761442,15.577338,-8.0496645,45.928364,-46.817966,-34.61593,19.148891,43.869762,-10.133863,53.467117,-50.792843,-37.390587,23.919323,46.125587,-12.893525,50.373642,-50.49571,-37.0912,26.452229,40.416893,-12.705733,47.673107,-46.061253,-36.25332,26.036798,42.23236,4.4123864,4.1391854,-20.58882,-4.4123864,-4.139165,20.58882,33.68151,8.678303,0.6933472,19.22299,-3.5412364,74.17432,65.56947,4.0891166,16.21939,40.81582,-11.646779,125.72479,71.437775,-1.14043,17.204,45.64572,-16.515026,131.00009,67.09323,30.724789,-0.31252497,44.178886,2.2830153,131.15193
873,-46.712566,57.08403,-64.16143,-47.819702,54.396526,-72.08977,-47.25446,53.956383,-72.067,-46.636234,53.602325,-72.07637,-48.986103,54.337036,-65.82005,-49.208157,53.745087,-65.84335,-49.37778,53.168655,-65.868126,-43.58887,46.64746,-88.54443,-47.15728,46.0577,-61.2193,-42.646835,55.75836,-68.0111,-44.194336,55.720184,-60.178734,-19.469719,34.22322,-81.299225,-42.314213,16.59751,-37.45722,2.8830712,37.857582,-57.076233,-40.17988,28.475437,10.136058,-16.396685,55.347008,-22.860413,-47.446285,55.56505,40.252422,-18.062641,63.60817,-26.10434,-51.489647,61.27726,41.489162,-22.220747,59.580605,-27.133358,-49.817,62.707607,37.164295,-22.46184,56.92016,-22.439724,-47.12683,61.45072,39.163467,4.6498404,5.2668347,-19.435762,-4.6498404,-5.266826,19.435762,32.431637,15.145376,23.2627,1.0166726,-2.886325,109.63025,61.83812,1.4498644,51.054787,12.445553,-12.865994,186.48727,66.44876,-5.6369734,54.28466,17.245691,-18.652437,194.7545,67.14111,24.84751,44.10394,15.101597,-0.7126751,204.67314
922,-50.179173,20.165718,9.89148,-52.827095,18.505623,3.3060973,-52.84424,18.101576,3.293994,-52.86309,17.681015,3.2888598,-52.84867,18.25461,12.200979,-52.876884,17.68349,12.208048,-52.922142,17.08363,12.19139,-51.692898,12.247295,-13.5225725,-51.950706,11.337132,25.901321,-47.99321,18.712101,5.044138,-48.05406,18.484858,16.560396,-41.219856,4.010343,-34.31243,-38.708813,-7.387992,49.66751,-33.923298,17.546112,-70.901115,-26.732328,6.276459,81.7912,-39.108814,37.63608,-94.39608,-33.861988,21.791828,104.00945,-42.93117,40.749615,-102.86368,-38.28333,24.204643,110.68512,-43.104084,38.60493,-97.50324,-39.212406,27.497574,105.3789,-41.59419,36.93189,-92.605156,-37.615902,23.935812,102.10755,-0.2696309,3.818273,-26.65768,0.26962116,-3.8182926,26.65768,32.368286,9.762027,-33.092316,31.236475,4.9371176,24.278366,66.36294,3.6016755,-37.604073,62.188362,-0.018503128,24.146996,73.54137,-1.8978086,-38.43058,69.273056,-6.2535696,23.41093,67.20953,29.51461,-54.34072,64.30796,23.540987,11.61165
934,51.900856,22.907467,4.534503,53.924442,19.142992,8.101483,53.903378,18.616693,8.094211,53.88027,18.058271,8.093598,53.968708,18.934887,-0.52143204,53.97787,18.269361,-0.5323546,53.971916,17.54798,-0.5493847,52.91197,12.85061,25.72299,52.753563,12.897377,-12.893856,49.523052,21.653631,12.07534,49.57448,21.499348,0.9222882,38.647236,-1.266469,49.053413,41.10826,7.516228,-32.084587,17.85058,-16.335169,61.376297,19.818268,-8.744045,-53.185184,17.607418,10.603755,60.051853,22.975395,25.672606,-63.84483,20.550573,13.439305,62.484653,27.92413,29.064629,-71.08687,22.027569,14.847037,55.66153,29.209286,27.513376,-63.46282,20.877443,14.835651,56.862415,27.32517,26.103634,-60.91546,0.01411377,-3.9958887,28.298119,-0.0141200125,3.9958887,-28.298119,-32.408627,1.8819692,26.25617,-33.082066,11.445774,-27.42574,-62.14683,-1.321688,33.415096,-64.66946,9.04325,-23.381132,-64.150635,-4.46904,32.656826,-65.83914,2.545435,-23.934006,-64.8669,21.278622,19.221157,-66.26135,29.276117,-41.549194
947,33.468025,73.219246,-69.37303,36.258457,72.35049,-74.15958,36.952053,71.8496,-74.17463,37.688484,71.12823,-74.20841,34.191967,71.82343,-77.0947,33.495064,71.08195,-77.11237,32.84247,70.243416,-77.12959,38.347,61.04681,-77.12157,31.618368,61.961597,-89.518684,32.125744,69.82559,-67.23036,30.176786,69.43538,-70.8991,37.842667,26.340706,-61.46536,9.261751,38.32128,-82.53587,35.726257,-12.201936,-19.630821,-7.3977284,7.4693007,-55.791016,41.54706,21.246605,6.536515,-13.0416,47.616043,-36.90297,44.26609,26.279968,3.8514204,-17.512222,53.26746,-41.793148,43.440838,28.959864,-0.0010997397,-15.415415,56.355198,-45.216404,42.54445,28.092777,5.817613,-13.297504,54.56313,-37.762703,7.288131,-1.09882,11.2434845,-7.2881246,1.0988135,-11.2434845,5.1973095,5.938046,87.79881,-25.963705,-7.3259616,62.247902,-0.75253266,-12.718283,172.58183,-35.35372,-30.121958,138.44235,-2.281747,-20.611248,182.70364,-37.047615,-38.28041,147.75638,-2.5266576,0.42093688,191.53201,-39.604355,-15.319765,149.53508
963,55.203426,24.05835,-67.85777,57.46992,19.821058,-64.86004,57.65895,19.250237,-64.86464,57.834297,18.649998,-64.88917,56.86296,19.283808,-75.45742,56.575172,18.357893,-75.46835,56.202377,17.299704,-75.48196,55.365635,10.870296,-42.888073,53.179325,8.776186,-90.68529,52.50652,23.18845,-57.663506,52.04792,21.979252,-71.49634,44.07485,-5.2710543,-7.700986,35.86425,2.150081,-96.458534,32.600086,-2.8980057,40.414886,14.279472,8.409611,-95.45871,35.492004,13.584401,58.100693,17.719206,48.37687,-90.851036,37.08304,14.975402,59.51924,18.915888,56.392693,-102.78276,39.351387,16.71412,51.05985,22.283073,56.034203,-102.169014,38.100563,17.621523,54.874847,22.122917,53.284157,-90.49346,2.37808,-2.180977,28.174782,-2.37808,2.180992,-28.174782,-24.784021,-8.097279,82.516975,-31.247223,2.9646006,6.8475614,-45.86713,-21.198406,145.06609,-59.08016,-15.023896,52.8754,-51.55342,-28.212748,150.9993,-61.33651,-20.187101,57.007103,-50.623535,-6.8877115,142.55013,-63.865692,0.5589711,36.866817
966,55.485237,18.471992,-37.142048,57.25123,15.114541,-35.07785,57.235413,14.506366,-35.07311,57.195114,13.825631,-35.092976,57.016712,15.146026,-41.750053,56.849182,14.610789,-41.755386,56.646275,14.015363,-41.746407,54.898376,8.5885515,-19.353941,54.216583,10.144329,-49.81726,52.72941,18.091438,-29.851059,52.545757,18.118227,-38.64759,40.59748,-9.8466835,1.8913727,39.362427,7.3142543,-56.830173,28.368244,-28.477882,46.10724,17.587933,3.7770588,-71.538,27.37909,-0.2971637,77.38095,20.62791,39.09027,-76.58638,29.797497,4.4885416,81.70026,19.33158,49.7924,-83.38016,31.57402,8.35097,75.25443,24.618137,44.332886,-80.71918,30.859566,7.4000516,75.58192,24.02788,39.25087,-75.413376,1.0251662,-4.81561,21.21982,-1.0251707,4.8156185,-21.21982,-24.986841,-4.207352,47.09594,-28.799751,3.7372496,4.3777065,-48.318325,-8.930995,77.26635,-54.236053,-3.1705186,28.380016,-51.98152,-13.404634,79.81832,-60.07117,-8.3330145,30.48099,-50.0677,9.234601,76.90609,-53.131157,16.17032,23.24362
981,55.88411,21.617546,-55.092663,57.036514,18.113869,-55.564278,56.981544,17.264484,-55.56557,56.89747,16.404568,-55.596222,56.73849,19.211802,-62.643898,56.532078,19.159548,-62.658154,56.26683,19.112244,-62.66328,54.72114,10.827648,-46.406925,53.647392,16.321854,-78.32577,53.18839,20.230848,-49.145535,52.943165,21.38313,-58.430202,43.755753,-9.194639,-16.335981,35.989513,15.573748,-85.25022,31.765928,-10.833371,42.60636,13.474502,12.5941515,-90.38682,36.523582,14.929062,79.35051,21.390303,45.97545,-96.25985,41.042442,19.571291,83.650856,24.592062,52.840157,-108.407524,40.463413,21.528519,73.9938,27.016808,50.72313,-107.19248,38.492428,21.105347,76.50399,26.339859,47.238373,-96.25297,3.0536635,-6.4352074,26.350084,-3.0536635,6.4352074,-26.350084,-19.549366,-8.892165,88.84604,-26.944437,2.4179971,35.224457,-41.14295,-12.447366,156.95851,-48.1494,-5.258779,98.20599,-44.959515,-16.672113,164.1525,-52.6808,-10.926539,104.81653,-41.62399,4.9830904,163.12953,-48.485073,11.436739,97.40324
1016,-50.569706,37.5029,-100.697395,-52.781033,34.675854,-107.901695,-52.4179,33.21746,-107.906654,-52.158554,31.832405,-107.94567,-53.45765,37.10172,-99.25166,-53.64384,37.39968,-99.302986,-53.83112,37.795242,-99.341995,-51.067924,25.936403,-118.5665,-52.330677,33.99116,-80.47192,-47.328957,32.620953,-102.2308,-47.984486,36.101696,-91.32116,-33.31952,14.992817,-117.984985,-43.431404,7.5747595,-43.771526,-9.304386,23.47659,-116.95466,-24.401955,0.93913007,22.171957,-13.129158,64.09541,-98.690254,-23.262735,12.597246,80.2863,-13.7182865,70.19691,-104.400185,-23.410963,14.062086,88.613,-17.755085,66.98945,-102.844795,-24.431185,17.17608,82.08089,-17.422146,65.06632,-97.14586,-23.70833,16.89178,79.221565,2.1098108,-1.8367251,-24.797235,-2.1098108,1.8367251,24.797235,30.034096,-5.426699,23.5521,25.12463,-7.010764,73.02942,51.628822,-22.155283,73.71061,48.42158,-23.826313,129.51321,58.73406,-31.890244,78.885765,50.737877,-31.143867,135.75175,56.28423,-5.692909,65.18785,52.31448,-8.028193,131.09291
1025,-13.371493,75.053185,-73.50923,-11.872967,73.573456,-81.72434,-9.570064,74.544716,-81.72628,-8.54785,74.64022,-81.749825,-14.983837,73.727844,-80.01441,-15.992289,72.725044,-80.042625,-16.762053,71.905205,-80.09084,-6.1304345,63.483047,-95.075264,-17.891068,61.8573,-87.90519,-10.717433,70.37378,-75.05372,-14.869388,71.380455,-72.93403,9.267336,43.810863,-85.609375,-25.042667,34.618336,-70.74323,24.44361,37.249332,-54.08939,-26.521906,8.807896,-32.923546,7.3799124,59.71122,-22.443092,-18.489592,28.968283,0.13653918,5.8609257,68.66422,-26.32371,-17.260149,32.12217,0.8688775,3.2321334,67.88274,-27.324339,-14.416896,34.65941,-1.4770085,0.42455074,62.83189,-22.231342,-14.220168,33.80832,0.22546996,8.4163685,2.0265622,-4.750689,-8.4163685,-2.0265622,4.750689,26.352125,3.6500297,69.386856,-19.601637,-2.9155192,96.37888,35.358597,-11.416983,154.34119,-18.091259,-21.861095,200.45094,37.03908,-18.602638,165.29956,-19.410532,-23.455475,212.43524,39.257843,5.532913,174.90988,-18.633057,-18.567198,227.12886
1031,-52.051727,2.9555492,-72.60736,-52.72825,-0.97236073,-72.56728,-52.16395,-2.2077012,-72.61942,-51.602318,-3.4497042,-72.7099,-53.69994,2.0696268,-72.45488,-53.78846,3.4734879,-72.44475,-53.87413,4.863667,-72.459564,-46.653893,-5.1985574,-61.84678,-50.84252,8.674444,-61.77239,-48.710297,4.9263215,-67.30002,-49.797745,9.870231,-67.357895,-35.44928,6.6631317,-60.478634,-39.867336,20.307312,-33.773624,-25.940863,-1.421363,-47.711113,-32.34616,14.20744,-19.681362,-30.251905,0.34998494,-29.108816,-37.54946,15.460199,-11.23918,-31.669682,0.0119811585,-32.313934,-39.973305,13.987425,-9.726228,-33.431534,0.32834432,-30.038265,-39.996937,18.075104,-12.694052,-32.709,0.94737345,-27.664345,-38.79817,17.83326,-12.311062,1.5263981,-4.9059935,-11.539187,-1.5263903,4.906001,11.539187,18.627743,-4.112372,22.669394,16.150843,6.0557184,54.02419,33.73017,-8.677961,80.59752,30.833057,-5.9242287,103.17514,35.86053,-11.795454,87.1319,32.263283,-9.843225,109.28864,38.42885,-1.2539606,87.889015,37.107117,-2.8735602,110.12143
1033,-50.716446,17.246805,18.132927,-53.369625,15.64126,11.393798,-53.425114,15.316214,11.388627,-53.47774,15.000884,11.391437,-53.29295,15.1753645,20.875288,-53.293293,14.50331,20.880785,-53.310776,13.808671,20.86771,-52.25921,10.114558,-6.7348866,-52.197803,8.200927,35.68018,-48.66266,15.760921,12.72543,-48.63354,15.227879,25.069624,-41.60327,3.8635242,-30.648169,-37.96849,-12.129998,60.07961,-32.465,16.407377,-71.627304,-22.445084,-4.8911095,92.86984,-37.152843,37.512215,-98.957375,-25.765974,10.1057,118.07097,-41.996323,40.40001,-108.20228,-28.838673,9.356745,125.882164,-41.950237,37.715767,-101.24792,-29.723972,13.191536,120.77314,-39.83303,36.081505,-96.61185,-28.6728,14.750682,116.4871,-0.27123708,5.709469,-30.427828,0.27123708,-5.7094855,30.427828,31.617065,14.206658,-50.41382,29.659561,2.0707657,51.898502,68.28431,8.458774,-70.77099,57.282875,-10.682463,69.17526,74.85969,3.1379797,-73.15119,62.91508,-16.258106,70.46043,68.03173,31.558693,-92.41806,60.881668,12.803839,64.05465
1055,51.268272,11.3013115,4.395473,53.83787,8.151014,4.8169203,53.959732,7.441734,4.8044367,54.089592,6.659705,4.7933173,53.781994,8.597543,-1.0078539,53.85582,8.258037,-1.0184069,53.91514,7.8758554,-1.0277913,53.328312,1.5106922,9.175693,52.81302,3.5598617,-16.806355,48.843967,9.22993,7.14757,48.763435,9.807814,-0.35826948,39.81877,-11.771298,21.527628,39.779797,3.7671204,-30.763397,22.266245,-11.857565,35.22147,18.919682,6.340886,-24.823719,26.574833,12.208224,36.49011,26.450104,22.210087,0.80238265,27.549511,19.23982,36.50588,27.571583,29.784098,0.62096286,29.405693,22.04848,31.972658,30.082712,28.85711,1.2423018,29.02646,17.691923,34.126915,29.700243,25.522676,1.79562,0.8675989,-5.7560334,18.358936,-0.86760294,5.7560296,-18.358936,-23.994486,12.690206,36.88775,-26.05947,20.059933,-2.2504213,-45.666267,22.695269,55.3774,-52.698708,31.811169,7.5031147,-50.803524,22.16361,56.62238,-56.29051,28.083483,8.195963,-47.601936,42.3976,54.996693,-52.38695,51.272655,1.4009565
