36,-8.360736,-60.35742,-100.64685,-10.820399,-62.851704,-93.91825,-10.2351675,-62.85119,-93.931526,-9.969279,-62.951344,-93.960785,-12.314614,-62.31578,-100.78657,-13.500144,-61.834335,-100.8087,-12.623437,-61.596226,-100.83995,-11.611573,-59.933544,-58.509094,-16.906374,-56.737892,-89.147095,-6.6198335,-55.927216,-86.96434,-8.876018,-54.2822,-95.8394,-1.354589,-44.148117,-23.260672,-12.842758,-34.582027,-88.664856,12.176188,-20.067192,-19.129301,-5.762237,-12.081594,-95.25743,20.055365,-12.609753,-46.254395,14.30494,-13.626422,-98.831635,22.607765,-10.638933,-51.379074,20.025991,-12.256553,-109.06872,21.90854,-11.987031,-59.59636,20.168901,-17.000252,-112.288246,20.84511,-12.2993965,-50.410046,18.038568,-17.108103,-100.30677,2.7953496,-5.274473,24.180897,-2.7953496,5.274473,-24.180897,18.423788,-23.238989,5.285821,9.392896,-5.65063,-80.223915,20.437817,-15.595676,36.691067,12.689662,-2.7197137,-26.844078,21.114693,-13.139675,39.47901,12.515767,-0.66118675,-21.083073,23.164265,-22.345057,32.836685,16.827665,-11.69104,-28.356133
37,6.770584,-54.908974,-2.3923616,8.6410475,-58.410133,-4.1103764,9.429596,-58.130997,-4.112356,10.04901,-58.00256,-4.1192584,7.851474,-58.51678,3.2907069,7.859707,-58.546593,3.278037,7.92708,-58.53331,3.2528687,13.574806,-56.20291,-3.584518,11.236119,-57.02657,30.6402,7.9048505,-50.929485,-1.9520313,6.6981425,-51.61112,7.8969555,23.215427,-34.3756,-8.36225,4.3273783,-40.733635,46.16468,11.826225,-8.162068,-23.551281,-7.4928813,-19.518917,34.863922,0.44718006,-1.1223234,-40.052704,-14.012502,-9.048816,-7.432053,-2.0244036,1.8441502,-46.871696,-16.695347,-5.519684,-12.788531,-3.058632,-0.58045095,-50.563194,-15.537546,-6.4190054,-16.928179,-2.5128353,-1.5424088,-41.191654,-13.976394,-7.2504506,-10.174607,5.2125106,4.561318,-16.58891,-5.2125106,-4.56134,16.58891,0.5046307,-5.3384466,-105.70326,-16.874617,-30.118223,-19.131693,-15.5720625,8.851048,-121.15038,-35.697712,-18.151415,-62.9538,-17.79913,15.200102,-123.81015,-37.76577,-10.917387,-68.64659,-24.232847,3.565957,-144.62302,-46.595276,-25.35285,-87.84838
42,-12.660543,-47.393192,8.875025,-11.979208,-51.64053,5.5419335,-11.627461,-51.875965,5.551336,-11.212706,-52.09269,5.5492616,-12.22619,-51.700325,11.767733,-12.090607,-52.023582,11.7722225,-11.90931,-52.37484,11.776805,-8.635261,-51.732655,-2.4342332,-9.066728,-52.262886,26.3196,-11.329203,-44.104176,6.3021436,-11.719355,-43.94897,14.549989,-6.7071223,-37.7235,-16.723606,-8.158172,-40.88329,39.181988,-22.47321,-31.744078,-25.15035,-21.761812,-35.509346,42.10174,-31.629444,-49.640118,-11.200196,-31.152843,-48.76543,26.409817,-34.023056,-54.158806,-15.4607115,-33.064888,-52.432705,25.660673,-31.76562,-55.230618,-14.446692,-32.336384,-53.59106,22.594591,-32.15683,-53.80748,-10.73243,-31.655186,-52.14811,24.25356,2.0615563,0.06717456,-17.485518,-2.0615563,-0.06719784,17.485518,-12.92575,-23.10335,-52.35225,-18.14933,-17.507051,-4.0552087,-23.341648,12.105015,-58.107014,-24.714445,13.6888075,-31.764614,-21.505775,15.297016,-58.67158,-22.508507,22.613714,-35.133755,-29.817942,16.279963,-68.73494,-31.733862,20.81953,-45.477436
52,-44.693604,18.710443,-51.40849,-50.40709,20.027306,-49.975197,-51.55624,19.309645,-49.986153,-52.505867,18.523962,-50.03444,-47.08251,23.52473,-51.735466,-46.180595,25.242579,-51.714706,-45.48443,26.859262,-51.748066,-52.517044,18.197144,-28.40572,-44.86421,30.134083,-35.14416,-43.46355,15.173538,-41.64022,-40.616665,19.328718,-43.627464,-42.24985,0.19967675,-9.784636,-29.764965,34.640892,-23.67117,-29.261965,-21.964827,-7.5874987,-6.7048593,26.6923,-37.920155,-26.570183,-13.890221,-18.768082,-12.723273,10.694024,-58.3176,-25.557068,-13.196929,-22.558712,-14.255989,5.9142685,-63.97527,-27.079517,-10.300515,-20.783863,-16.244543,7.12155,-61.852543,-26.639763,-9.546682,-18.18478,-16.313978,7.916019,-57.607365,-3.1037817,-11.419733,1.9179747,3.1037817,11.41973,-1.9179747,25.514772,-21.87349,23.02771,31.495615,0.21169905,14.501474,49.951687,-32.263546,68.018875,55.750984,-11.767001,50.33882,53.6019,-33.32039,71.44849,59.111275,-13.20871,53.072113,58.692677,-36.01712,43.399014,63.488697,-19.512089,19.793774
62,-5.076004,-59.57149,-7.9953575,-2.8231108,-62.61563,-9.3608675,-2.090762,-62.574482,-9.342528,-1.2618157,-62.508846,-9.346526,-4.0309987,-62.71018,-2.7085948,-4.140801,-62.73954,-2.7267818,-4.2593775,-62.776386,-2.737682,2.771149,-60.294502,-5.9668803,-0.70535684,-61.050934,24.891674,-3.5050497,-56.249817,-6.464064,-4.778245,-56.6242,2.3571043,14.593953,-35.490936,-6.097765,-4.6169324,-43.884476,44.68017,16.6927,-8.326021,-30.324005,-10.033694,-20.604961,26.671167,5.3601346,-18.872864,-53.457756,-9.940407,-31.97841,-30.602158,1.6919291,-23.080732,-59.128277,-10.120191,-33.998833,-37.729095,2.7833283,-25.95128,-57.08598,-9.531661,-36.68875,-37.05601,3.2764826,-25.709257,-52.527874,-8.944984,-35.847477,-31.78082,5.3081446,3.3078198,-20.264334,-5.3081536,-3.3078103,20.264334,-15.917097,-14.945751,-65.77484,-22.221474,-20.581844,-28.069147,-34.71775,20.414747,-61.82869,-38.78821,11.120522,-43.383522,-34.055714,26.823967,-61.666042,-38.2864,18.684315,-45.763203,-50.095726,27.986994,-81.07901,-51.17607,17.789507,-66.99962
63,-1.5788565,-45.329018,4.0860844,-1.6313024,-48.609123,4.800543,-1.7984116,-48.776188,4.7899284,-1.971761,-48.946457,4.7837467,-1.6188264,-48.289917,-1.4259893,-1.7755309,-48.16712,-1.4354832,-1.9339768,-48.06406,-1.4440764,-4.4973264,-48.85797,11.151181,-4.396155,-48.371944,-17.23906,-2.774514,-42.98033,7.2825856,-2.803459,-42.47003,-0.9932281,-9.821175,-41.040123,27.217445,-6.874499,-37.198334,-29.205713,2.3184116,-40.651913,50.628143,8.845683,-35.751255,-25.171597,-1.6776445,-52.75824,58.468056,-0.24675432,-53.231472,5.7294836,-4.216016,-57.4808,61.0253,-2.9475951,-57.39936,6.958744,-5.6750283,-55.177254,62.059967,-4.4795203,-55.003197,4.848775,-5.3346405,-53.1666,58.77732,-3.9086182,-53.24588,5.8925824,-0.34999263,-2.9315968,20.487421,0.34999263,2.9315968,-20.487421,13.169977,-27.388626,16.049412,14.768086,-26.423412,-26.355675,31.3521,-7.9528236,19.278315,35.276134,-5.438912,-22.307142,33.986893,-0.7311115,19.112112,36.68305,2.538512,-21.654343,39.69923,-14.556206,13.350363,43.313576,-15.546486,-25.615427
71,0.030425474,-48.345417,12.583751,-0.30058745,-52.31123,14.489397,-0.53949636,-52.436455,14.450727,-0.77004844,-52.547306,14.443092,0.014831403,-52.325386,6.2045193,-0.22253597,-52.383488,6.201183,-0.2923604,-52.501213,6.193739,-3.0604293,-52.521027,27.671055,-2.9947753,-52.222122,-9.139757,-1.1488982,-45.58612,18.654568,-1.2601501,-45.544052,8.006374,-8.938038,-40.196804,42.807365,-4.467579,-38.67199,-30.430206,5.4806256,-23.51131,8.57431,13.180915,-26.982637,-36.30947,11.319671,-25.35662,-56.228363,16.52327,-28.797718,-9.816334,11.860158,-24.57919,-66.622314,18.19638,-28.664055,-13.909197,10.914014,-27.053389,-67.27689,16.817076,-30.45515,-14.004718,10.823825,-26.713518,-58.813965,15.902461,-29.971653,-8.882746,-0.41354305,-1.8499985,25.64095,0.41355923,1.8500147,-25.64095,18.027166,-22.969658,12.271631,14.974882,-18.655876,-56.44528,33.184227,-0.10607537,-8.832848,33.89107,4.761254,-83.542336,34.09469,6.3140078,-11.93662,34.994812,12.2292385,-86.522675,40.499664,-2.4782236,-26.969818,43.42557,0.14594491,-102.542854
74,0.35887405,-55.87245,-5.5951962,2.3837802,-57.453693,-7.6768756,2.7939954,-57.23251,-7.6714673,3.2547739,-57.000393,-7.666282,2.044339,-57.881252,-0.8434971,2.1546679,-57.969963,-0.86156625,2.2928839,-58.070065,-0.87409884,5.706965,-53.846394,-11.198478,4.3783927,-55.477345,19.716309,0.5094629,-52.562447,-6.874352,-0.04842033,-52.828514,2.0636444,9.463965,-37.90108,-27.686554,-2.7072966,-41.81309,36.55862,-1.6003807,-31.792503,-60.854374,-18.89884,-36.24996,28.017193,-13.800425,-48.640884,-77.472664,-24.078745,-49.9574,-13.238978,-17.634716,-54.299915,-85.44882,-27.220417,-53.94635,-18.04077,-16.901836,-55.826508,-82.76677,-24.908083,-54.60578,-19.70779,-16.191807,-54.127384,-76.6694,-23.321383,-53.346424,-15.500109,3.6437948,1.4743469,-20.471834,-3.6437802,-1.4743615,20.471834,-17.838627,-12.423873,-67.192535,-24.843885,-16.373703,-16.843391,-31.544369,13.850826,-72.6673,-48.208595,2.8957236,-38.544594,-31.833818,21.935408,-73.192314,-48.707973,8.434267,-41.16147,-42.124958,14.667265,-89.36784,-57.655907,-1.7439831,-55.861164
82,3.521343,-53.466137,-1.9820223,4.333744,-55.58486,3.3862128,4.8737855,-55.242817,3.3908644,5.414394,-54.886143,3.380584,2.218346,-56.598072,-0.20925789,1.22284,-56.921967,-0.21949273,0.17572337,-57.19952,-0.24293695,5.4479704,-53.273624,27.273724,-2.5941637,-55.47207,10.363189,4.091511,-49.896137,6.102418,1.1888578,-50.71263,1.1297152,8.385908,-37.670197,33.25309,-14.360619,-42.106377,7.5732956,19.17157,-26.063305,15.110566,-24.617437,-57.539646,-4.7772274,9.713858,-44.586487,-7.145878,-7.520321,-59.213055,17.479687,7.2630906,-49.438972,-11.8503065,-4.7483873,-61.10828,19.45797,6.564577,-50.227825,-3.1736097,-4.9370246,-58.399315,22.685162,6.771996,-48.77248,-4.635049,-5.939762,-57.15797,19.20058,5.732146,0.09797195,12.83251,-5.732149,-0.09796477,-12.83251,30.495443,-13.637532,7.212912,2.1130857,-31.344017,-32.834915,25.400543,10.070324,-6.4663186,14.859705,9.551705,-37.415348,21.705822,13.516424,-7.2534404,12.103809,16.366,-36.16366,31.995377,18.419216,-12.563642,30.08129,16.48195,-39.784
85,21.33182,-37.715755,6.0554724,21.167227,-40.27168,7.5589886,20.962702,-40.478085,7.5616226,20.757065,-40.782173,7.5651126,21.069332,-40.591248,1.8536955,20.803677,-40.95811,1.8450141,20.588825,-41.503036,1.8444195,18.278656,-42.52365,17.41842,17.970285,-43.120285,-9.395696,19.586946,-36.23087,10.1168375,19.492844,-36.681355,2.3807747,9.514997,-37.976303,31.891628,12.312123,-38.98846,-20.600166,24.308468,-34.276363,51.347805,28.224178,-33.718525,-11.894083,18.212078,-47.430622,64.19599,18.798689,-47.974884,35.72357,16.8442,-50.348305,67.19081,17.207102,-50.972237,39.33463,15.26516,-49.69904,68.978355,15.624155,-50.052326,36.16387,15.024999,-47.87999,64.53214,15.770921,-48.63336,35.735382,-0.20323896,-1.8662689,19.793036,0.20323896,1.8662689,-19.793036,14.562246,-27.8238,33.178432,19.644667,-25.569832,-17.912962,23.914967,-0.9863691,39.73614,27.070423,2.9448276,-11.889559,22.676645,4.864174,40.263428,24.719606,7.714495,-10.500498,30.426947,2.2060542,40.846497,37.396698,7.2984433,-10.167867
114,-10.143271,-56.629425,-60.02338,-8.472378,-59.744198,-65.64999,-7.867523,-59.82047,-65.64118,-7.2206945,-59.919746,-65.65506,-9.113379,-60.003723,-56.287376,-8.960603,-60.252808,-56.28904,-8.775954,-60.52527,-56.29269,-2.4588597,-58.591766,-73.262856,-4.670845,-59.115547,-31.718155,-8.340631,-53.187466,-61.678112,-9.058113,-53.551994,-49.68721,4.8883634,-36.87206,-88.55566,-3.6910512,-43.11898,2.3731847,-8.838315,-13.907559,-98.92065,-15.203918,-25.698128,5.0999775,-26.034826,-2.2164109,-92.1839,-25.528612,-17.706728,-33.82775,-29.415628,1.2287796,-101.39268,-29.240068,-18.017069,-36.09731,-29.844349,-1.2540479,-101.73664,-30.486244,-16.530529,-44.20311,-28.61214,-2.4874892,-91.88951,-27.200115,-18.915873,-38.293762,3.680224,4.970604,-27.179707,-3.680224,-4.970604,27.179707,-10.719412,-9.215534,-95.74662,-30.678072,-21.084465,22.580368,-23.210842,0.7063003,-14.182971,-21.637373,1.4641678,17.558239,-22.268307,1.3938689,-4.4552364,-19.289722,5.0649047,17.683554,-36.359547,-2.862665,1.007778,-25.094133,2.8882036,16.230116
130,-32.78742,-48.858494,-45.182377,-33.314236,-52.69968,-45.770573,-32.922222,-52.86045,-45.796852,-30.195883,-54.359184,-45.803837,-34.06092,-52.329773,-43.72763,-33.89386,-52.554955,-43.74961,-32.802383,-52.032917,-43.77647,-27.651823,-54.335247,-39.24413,-31.175026,-51.30823,-30.014095,-30.028477,-47.039864,-42.18609,-29.93991,-46.020527,-39.51272,-17.45629,-41.447933,-41.423763,-25.025484,-26.34068,-20.288736,-21.216433,-9.254293,-67.591805,-29.297642,0.9035795,-38.686417,-34.734978,9.063521,-96.88591,-39.735233,17.495207,-71.861626,-37.31208,14.567383,-106.87067,-42.707092,18.908905,-78.35944,-39.977547,11.079466,-104.8964,-44.141144,19.251635,-84.65149,-38.757725,9.240172,-96.832016,-42.69414,19.018946,-75.74111,3.2003279,-4.507944,3.4880884,-3.2002938,4.507944,-3.4880884,7.0870457,-34.40518,1.5990986,-14.753368,4.6625876,-57.70995,-9.555074,-24.534277,18.114407,-28.299519,14.011596,-87.912125,-12.136587,-23.113174,19.901289,-28.675846,17.322517,-90.56274,-17.268133,-23.024351,12.002445,-39.527187,10.340587,-108.577324
163,-8.93349,-54.473133,5.0320473,-10.603145,-57.28001,9.189587,-10.498391,-57.490685,9.165744,-10.391126,-57.73896,9.155791,-11.537162,-56.59382,3.8439214,-12.150125,-56.246258,3.8466983,-12.867364,-55.799538,3.8436434,-12.430481,-55.663807,28.58544,-15.811769,-52.343845,5.250436,-8.033917,-51.88113,12.268437,-9.275282,-50.811707,5.4109983,-5.445056,-42.55883,38.86966,-16.844875,-34.273193,-10.595887,7.26526,-50.675564,20.210596,-1.3750154,-37.962074,-34.459873,4.653834,-66.58887,-12.770187,1.32631,-62.232613,-31.00943,4.1374774,-73.290504,-18.489878,1.8296102,-68.78628,-35.28884,2.4776382,-73.5182,-15.240127,-0.03561449,-68.754616,-33.233406,2.246405,-71.07909,-12.677729,-0.114727125,-66.20905,-30.056398,3.6979942,-4.8474283,15.180524,-3.6979907,4.8474283,-15.180524,19.044098,-30.449608,-4.8576484,8.8014765,-18.829115,-43.739502,29.240631,2.1978068,-23.669962,22.25789,12.777802,-52.0213,27.730804,8.499256,-25.988085,22.60971,17.98126,-52.26686,39.579964,7.0512705,-39.15989,32.597813,17.634972,-60.63665
167,7.40455,-46.698196,8.660058,7.7511244,-47.448933,2.3044095,7.5376287,-47.459034,2.2956161,7.3485613,-47.553555,2.2772088,8.404775,-47.132034,6.601143,8.610857,-46.933918,6.605321,8.876193,-46.72293,6.5950236,6.446527,-45.51821,-18.892405,9.038195,-43.970448,0.5862452,6.577979,-44.60948,2.5285358,7.156229,-44.45049,7.9738507,1.0626655,-41.541256,-31.962019,11.003189,-37.543602,11.538289,0.13841064,-55.097073,-37.777252,7.1319795,-47.70853,39.57898,2.8564985,-69.53919,-36.88978,5.5597024,-61.326576,56.068264,3.336842,-72.92709,-40.522976,6.2723494,-64.83626,57.83748,4.4005637,-72.836685,-40.74257,5.1502256,-65.53998,55.33799,4.2988796,-71.236786,-36.6238,4.4857445,-64.31048,55.22749,-3.6967888,-1.1074644,-13.350113,3.6967888,1.1074644,13.350113,-16.923946,-9.612758,42.472286,13.696733,19.20631,50.491833,-12.868182,6.4284606,79.7802,26.656528,36.245575,49.1917,-9.664176,6.964217,85.34911,28.937063,36.650776,50.492523,-15.715854,12.988247,97.08512,27.808704,42.057877,53.904594
168,-1.4539235,-51.42361,-12.782766,-1.055858,-54.247196,-7.145635,-0.44042218,-54.28133,-7.176446,0.24817048,-54.219563,-7.215227,-3.1481764,-53.879772,-7.6074166,-4.034572,-53.66587,-7.6082616,-4.9053164,-53.357994,-7.5847044,1.0883938,-52.587997,14.870642,-6.434581,-51.564796,12.564367,-0.09958742,-48.30492,-5.1723256,-2.5999866,-47.92143,-5.8894267,6.479751,-41.46792,18.75279,-10.945458,-38.40735,15.118541,14.904289,-58.811157,15.046075,-19.47726,-55.830246,9.173255,17.105927,-78.25817,23.121584,-21.740383,-76.75139,11.468251,17.904352,-82.33443,21.14183,-21.627642,-80.574814,8.581507,16.86197,-82.66157,20.336845,-20.272509,-81.04765,7.7505894,16.328053,-80.84369,21.895056,-20.08869,-79.84542,9.870931,5.8999534,-0.3902095,1.8332926,-5.8999534,0.3901995,-1.8332926,11.193439,5.2930865,-88.00259,-4.880302,4.3921413,-92.88446,24.65835,23.97039,-159.24217,-6.755833,26.640347,-173.7653,26.263771,28.725988,-167.44237,-6.421582,33.8517,-182.54822,26.303413,22.625338,-182.81526,-6.7435083,27.47201,-196.88742
173,-7.2613397,-51.655895,-12.395588,-6.018889,-55.29061,-14.784609,-5.4377656,-55.462574,-14.778942,-4.8181987,-55.58761,-14.79382,-7.012991,-55.39178,-11.843693,-7.14342,-55.625957,-11.839841,-7.265754,-55.884975,-11.855998,-2.011057,-54.593544,-17.530502,-4.6988907,-55.91644,-3.655456,-5.4758644,-47.755173,-12.698047,-6.788528,-48.55793,-8.670679,4.991618,-39.01296,-17.810926,-5.716526,-40.983753,6.7427278,0.9170724,-40.847233,-29.034317,-17.930367,-39.973747,11.30438,2.8239493,-60.864216,-32.327805,-12.512692,-55.965965,18.786629,2.7561817,-65.19616,-34.972706,-10.783274,-60.25469,18.34647,2.2243228,-65.24944,-34.76456,-9.453043,-60.54752,22.188675,2.0901558,-63.397854,-32.56112,-9.483509,-59.016144,20.166883,2.003498,2.5456417,-10.931819,-2.003498,-2.5456347,10.931819,-17.468973,9.443169,-13.844002,-20.460302,-1.5778817,19.601534,-18.862207,23.760084,3.2323818,-20.283695,18.199224,24.935648,-17.030819,26.12859,5.5517383,-18.441204,21.730162,25.720972,-25.019941,28.394476,9.8357115,-25.800365,24.512022,28.404331
192,0.6090184,-57.882183,-13.868022,-0.10269512,-61.353767,-10.83577,-0.1025126,-61.42199,-10.846059,-0.14994259,-61.494118,-10.854448,-0.8837486,-61.062004,-15.4712515,-1.4552271,-60.982616,-15.478473,-2.1584768,-60.939224,-15.485993,-2.870001,-59.988766,4.562662,-5.4823213,-59.391182,-15.871581,0.36900207,-54.58883,-8.023754,-0.61315566,-53.968872,-13.917001,-2.4434624,-42.885303,21.223692,-9.540715,-36.211975,-25.505274,5.696831,-19.073381,8.054248,-7.4413633,-4.4441886,-22.183506,11.7590475,-24.096064,-30.916336,6.771341,-12.25252,-3.7252057,13.913009,-23.811731,-37.21335,10.731873,-14.076898,-4.180544,13.227545,-27.064034,-36.446575,9.958851,-18.014141,-4.372232,11.680406,-26.161293,-32.05605,8.852142,-17.701246,-2.7356107,1.794484,-4.236939,15.982401,-1.7944909,4.236939,-15.982401,22.479671,-9.668842,15.281202,23.07068,1.4646714,-23.93168,25.62339,22.727118,24.132412,24.71773,36.21977,-7.5188017,23.106518,28.969114,24.576488,22.076212,44.29295,-4.8073993,34.070168,32.91222,20.334747,34.792885,41.575382,-3.844057
236,8.433742,-47.299213,-8.595283,7.4231772,-49.635612,-6.419134,7.136701,-49.725555,-6.444135,6.8103924,-49.871124,-6.4659967,7.16622,-49.563137,-11.996556,6.6915774,-49.556652,-12.002678,6.128343,-49.570934,-12.006613,3.2841072,-49.478256,5.9517694,2.5705225,-48.820408,-19.571451,7.119797,-44.87434,-3.246123,6.724461,-44.78232,-10.73065,1.3416009,-41.139877,14.421141,-5.9151087,-38.729282,-27.037317,1.4322267,-58.64582,22.479063,-4.3347287,-52.994736,-58.857502,-1.7094569,-71.692825,12.763938,-8.81893,-68.623,-75.35024,-3.0293849,-74.19778,11.2380295,-10.918089,-71.16364,-82.096054,-3.3224921,-74.26421,8.828809,-11.380391,-71.006134,-80.46386,-2.6310494,-73.22331,11.079696,-10.706746,-69.83022,-75.28018,2.932974,-2.9305398,15.236754,-2.932974,2.930547,-15.236754,22.50873,6.1727014,9.152592,18.448545,7.6452265,-23.176033,42.926884,14.204272,5.678077,34.178646,9.886421,-3.0547495,43.89679,17.177708,4.640532,35.149254,10.957863,-0.79709244,51.947357,7.8245573,-5.160647,41.850574,7.6187105,-4.9956985
253,-9.1099205,-47.113155,-20.262995,-8.685078,-50.077526,-23.957905,-8.385818,-50.131203,-23.936275,-8.066469,-50.175117,-23.9546,-8.929653,-50.570583,-18.592878,-8.804914,-50.96022,-18.610712,-8.661386,-51.378296,-18.620697,-4.8080025,-50.927742,-30.732716,-5.862241,-52.98633,-6.54295,-7.598775,-44.527058,-22.19432,-8.018561,-45.0035,-15.213071,5.2163353,-33.88539,-35.661674,-1.1194578,-46.00962,10.2462225,-0.94705886,-5.7309184,-32.073425,-9.068375,-29.18784,11.336348,-12.566606,-17.665035,-5.7496257,-12.356789,-35.20917,1.210386,-14.742613,-21.471481,-4.7311144,-14.129813,-35.48613,2.0163217,-13.732119,-24.80594,-3.4693747,-13.865343,-36.203262,2.0339088,-12.671775,-24.29575,-4.1009607,-12.845184,-35.674137,0.9771526,2.6660018,3.9698715,-16.718388,-2.6660018,-3.9698627,16.718388,-18.697075,-13.073312,-32.759216,-19.441061,-21.941032,-17.99186,-31.956556,19.718405,-32.488197,-32.75461,16.024128,-26.041737,-31.208414,26.079205,-32.0687,-31.802086,23.613081,-27.288025,-42.973152,24.77811,-41.04914,-40.48856,22.464947,-40.037693
258,23.27238,-53.345085,-25.363804,22.383724,-56.535988,-21.779245,22.148087,-56.6389,-21.798262,21.829338,-56.78334,-21.805206,21.952612,-56.355316,-31.415936,21.434124,-56.298447,-31.423738,20.843567,-56.26399,-31.433979,17.464893,-55.689186,-3.4925575,17.247013,-55.095135,-47.0201,22.22756,-50.09234,-17.714851,21.64839,-50.137486,-30.346436,11.938958,-40.25635,23.335993,12.164575,-36.026165,-63.950478,22.713907,-18.100878,27.364027,26.588678,-13.458027,-72.89702,37.95935,-2.6250958,7.44138,40.965565,-0.92161906,-69.68015,40.67946,-3.085733,7.59594,45.01503,2.8401937,-80.549446,42.52386,-2.0944114,-1.576484,46.256256,0.7796468,-76.57812,41.472633,-1.097658,2.9658453,44.809933,-0.5245627,-68.44293,-0.2846339,-3.0148182,29.389605,0.2846339,3.0148063,-29.389605,22.214865,-20.318293,61.198097,20.254223,-19.794989,-36.209442,37.51782,5.6113386,98.00539,38.13298,9.451235,-10.468195,36.655453,12.303231,101.6791,36.793728,16.537045,-8.115213,47.74058,2.8331926,94.026474,50.24808,6.1186066,-21.825157
266,-19.065226,-59.81292,-103.743706,-16.389061,-63.244293,-102.59243,-15.2310505,-63.301712,-102.58262,-13.995064,-63.1629,-102.63769,-18.68125,-62.854595,-96.81273,-19.177624,-62.71377,-96.8312,-19.673447,-62.605167,-96.80818,-10.029329,-59.68926,-84.34076,-16.88583,-60.38649,-58.64295,-17.453537,-54.85978,-96.6327,-19.73347,-55.273415,-89.25738,1.7530324,-37.58461,-75.3266,-16.194012,-41.101208,-9.694694,16.107285,-8.8736725,-59.256924,-25.082237,-39.34859,40.64945,-1.8273046,-11.275011,-21.867178,-24.31487,-51.595097,74.78685,-5.7187157,-10.990037,-20.04687,-25.05604,-55.113052,81.34974,-6.2366433,-14.556204,-20.565342,-24.857237,-55.491344,79.328094,-4.919862,-15.181224,-20.212456,-24.070198,-54.021473,75.14591,5.607863,2.089262,-25.046158,-5.607863,-2.089262,25.046158,-19.303528,19.757944,-88.47809,-32.471092,6.961321,-29.170279,-13.576176,61.048553,-45.64179,-31.119732,40.49533,-8.888887,-10.545705,65.25496,-40.73613,-29.107601,47.957996,-7.4662313,-24.400517,73.410416,-54.005157,-41.171764,55.483673,-24.09492
277,-2.2834425,-44.57044,-0.11357909,-2.8718941,-46.829082,2.3809667,-3.1047094,-46.876377,2.3787785,-3.3773615,-46.96945,2.3711,-2.9910223,-46.880035,-4.7774725,-3.2471542,-46.921032,-4.78518,-3.5355728,-46.97959,-4.7876115,-6.0536547,-46.756065,13.794461,-5.897804,-46.44747,-18.877094,-3.420837,-42.695625,4.7949877,-3.5947378,-42.765324,-4.7915044,-10.36001,-38.740696,31.270521,-9.075527,-38.86254,-34.790855,-2.2196553,-54.023933,53.790833,-1.2599862,-55.14554,-46.659695,0.7791793,-71.84347,46.007618,1.9415839,-75.2841,-23.8774,0.03709441,-75.356316,46.814304,1.7219456,-79.51757,-27.133278,-0.85131407,-75.502716,43.430748,0.38226366,-79.61005,-24.528524,-0.46183908,-74.47354,43.92518,0.51351994,-77.72888,-22.272743,-0.022868514,-2.5277083,23.239933,0.022868514,2.5276973,-23.239933,17.860277,-16.301132,35.13334,19.955025,-12.811218,-27.64566,35.10508,-2.1595175,47.752888,38.41609,1.4729486,-13.162298,36.189243,2.9740758,48.378258,39.376114,5.5939245,-11.671061,41.911354,-4.1409707,45.07913,46.57914,-1.6537116,-15.24463
280,10.858429,-59.92312,-35.68471,9.469548,-62.993233,-31.84513,9.594142,-63.175934,-31.8766,9.682759,-63.320415,-31.896746,8.320141,-62.258877,-36.272736,7.714184,-62.013752,-36.273117,7.06203,-61.71502,-36.26387,7.1233206,-61.085274,-12.450032,4.1108885,-59.232407,-32.349785,11.37395,-56.28763,-28.409233,10.046287,-55.594982,-34.183254,13.862189,-41.88447,4.420592,-1.2090311,-37.10855,-43.159508,29.605425,-30.440893,4.5750947,13.516521,-21.171017,-57.13963,47.69663,-21.006773,-14.883755,29.482841,-12.437194,-64.05201,52.313625,-20.213022,-18.323702,34.33888,-7.6758623,-72.89857,52.571922,-20.46725,-25.181282,35.48109,-9.798778,-71.76365,50.492912,-20.159101,-18.206768,33.510094,-12.268684,-64.00184,4.901331,-2.195621,14.78761,-4.90132,2.195621,-14.78761,26.363966,-13.882329,-38.783215,4.2085857,3.4433932,-71.061806,32.49805,17.442064,-66.15469,30.997498,25.999191,-89.46941,31.955633,21.552103,-69.399055,30.15178,25.826788,-91.31797,42.16834,23.143908,-89.773384,42.37103,26.624472,-109.990135
294,-1.3046672,-51.737465,-9.865588,-0.6801007,-54.74009,-6.2522187,-0.096525215,-54.848854,-6.279703,0.41005206,-54.90299,-6.314062,-2.4698958,-54.189976,-5.951542,-3.1056519,-53.93303,-5.950669,-3.6807146,-53.583794,-5.9272275,1.222578,-53.17213,9.490795,-4.5678296,-51.970154,10.515179,0.0045945845,-48.80696,-4.2963753,-2.1571767,-48.39791,-4.0043297,5.1041255,-40.89964,12.807729,-7.3437667,-39.068996,13.580892,10.938878,-58.236458,11.271119,-13.817765,-56.069553,12.217496,13.767322,-77.50414,17.686995,-16.32251,-76.04523,12.583223,13.764177,-81.97307,16.323395,-16.366232,-80.388466,11.223055,12.920078,-82.53404,15.373479,-15.589809,-80.97585,8.762194,12.767844,-80.72465,16.772654,-15.389628,-79.4552,10.831595,4.5460396,-0.54647326,1.0375148,-4.5460396,0.546483,-1.0375148,8.011339,3.0308974,-64.19407,-4.156162,3.9141576,-66.17147,17.63827,22.769768,-117.51505,-5.617016,24.943726,-122.68986,18.634457,28.81838,-123.537384,-5.358142,31.961456,-128.75972,20.20635,21.675644,-133.39175,-5.675397,23.138628,-137.32474
309,-15.727046,-48.077248,-42.126896,-15.907963,-51.686035,-48.563828,-15.575618,-51.80643,-48.574623,-15.186747,-51.95763,-48.588932,-15.955843,-52.07044,-39.08947,-15.646945,-52.43172,-39.096214,-15.2504225,-52.83608,-39.11203,-11.023312,-53.029537,-63.849483,-11.16536,-53.99495,-21.116877,-13.138437,-45.984306,-46.761837,-13.20644,-46.18263,-34.29053,-1.85728,-35.583412,-80.86473,-6.030865,-44.026737,7.1198626,-19.394043,-14.332141,-94.48685,-20.038404,-24.67684,14.281753,-36.400543,2.3247213,-93.06581,-32.7723,-10.250878,-2.7199402,-40.712856,7.806851,-104.89204,-36.218197,-6.229783,-2.5576816,-41.72703,5.7438536,-101.86056,-36.228645,-6.302957,-12.234286,-40.308,4.2241426,-92.217896,-35.074295,-7.025348,-7.354007,2.1500106,5.1222467,-25.70692,-2.150004,-5.1222334,25.70692,-15.528102,-11.30264,-68.44129,-21.714088,-26.271307,15.189862,-31.268087,10.788045,-21.267088,-29.406467,4.9137783,21.184507,-31.163809,15.355105,-16.185814,-28.148726,11.373123,21.60818,-43.37515,9.469824,-19.512383,-39.11993,6.03907,16.595545
354,-41.364468,-44.620884,-49.75069,-39.756134,-48.6872,-54.49812,-37.998466,-49.237904,-54.47681,-35.88135,-49.842598,-54.51751,-43.76711,-47.64683,-45.455967,-44.827587,-47.472164,-45.438953,-45.972095,-47.322163,-45.47146,-28.797426,-50.30435,-50.57746,-42.82888,-47.581257,-7.9712687,-35.858253,-42.973644,-46.0757,-40.406685,-42.152832,-33.771835,0.8233706,-38.492676,-34.90158,-42.233654,-29.95576,24.544508,11.646729,-13.323326,-24.85201,-39.408337,-5.5047283,2.8861766,-25.625717,-20.998196,-0.62648857,-36.895786,-20.774424,-67.19359,-33.003464,-24.375,3.268428,-37.7604,-24.904858,-76.62296,-33.453655,-26.709959,7.9500704,-38.277493,-27.117899,-68.197174,-31.316408,-25.932985,4.4245687,-37.52094,-26.286215,-65.3031,13.9652405,-1.1773008,-12.7794,-13.9652405,1.1773008,12.7794,6.425933,22.285915,-92.11019,-22.31304,29.02014,-19.958492,2.090528,59.089203,-75.483795,-39.2195,62.007366,-11.220009,2.4150085,61.42433,-75.42484,-32.412632,64.15292,-12.122759,-3.69919,71.531204,-122.08275,-44.913555,75.006035,-47.5612
356,-24.951332,-56.210316,-19.142134,-22.82212,-58.879723,-24.817633,-22.268892,-58.6399,-24.818783,-21.652025,-58.368195,-24.819078,-23.307575,-59.284897,-16.814766,-23.13226,-59.36132,-16.846231,-22.89848,-59.42774,-16.865005,-17.803349,-55.829914,-39.821224,-18.65201,-57.031376,-3.9248872,-23.581644,-52.0245,-23.778126,-24.159864,-52.36843,-13.38932,-14.698918,-35.45719,-56.408375,-12.283355,-39.855213,24.087666,-25.44668,-8.6321335,-68.92516,-18.370491,-24.155355,56.913494,-45.941086,6.1413383,-66.701836,-33.559917,-12.4435005,78.88035,-51.205845,11.674951,-76.66553,-37.478363,-14.307998,86.413506,-53.229053,8.962848,-71.798256,-38.139828,-13.227053,78.21927,-51.93416,8.160422,-65.02066,-37.007122,-11.827488,76.38113,0.6791917,3.1097498,-25.331842,-0.6791917,-3.1097624,25.331842,-32.10965,6.711731,-32.717304,-23.174337,-20.788351,54.999077,-65.49171,11.21902,-33.973442,-42.232437,-3.7675717,74.928955,-73.709496,17.304705,-34.202797,-44.53165,2.1214643,76.31555,-76.43138,-2.6392465,-51.661514,-48.743073,-11.979197,68.92822
358,-5.7089486,-61.391724,1.1939284,-6.023803,-64.38779,2.2733073,-4.6411986,-63.83099,2.2785122,-3.9583244,-63.52681,2.2637045,-8.446519,-64.93688,5.002297,-8.778687,-64.76388,4.991386,-9.050142,-64.54752,4.9600115,-1.9554476,-60.719746,9.567534,-5.87773,-60.770893,22.335295,-4.82492,-58.342464,3.6439788,-6.2530174,-57.347275,7.200498,9.265165,-38.89548,1.0223418,-11.832678,-41.063313,26.190863,5.8563085,-24.246143,-20.135454,-32.349335,-39.25035,1.1258237,-4.4348674,-39.168602,-31.680817,-21.490639,-61.378498,-30.544271,-7.211615,-40.605198,-34.027336,-18.138016,-67.35133,-35.92485,-6.073359,-43.797024,-33.489983,-16.384308,-67.71176,-31.388935,-5.675806,-42.763443,-31.552479,-16.423435,-66.046295,-29.488674,5.60872,0.83603656,-12.777749,-5.60872,-0.83603656,12.777749,-13.306708,-24.711777,-31.257095,-26.106915,-23.974276,6.5474877,-25.910143,-3.382547,-15.570591,-21.98169,-1.753949,-20.463066,-24.793186,2.5204108,-12.665108,-18.807135,2.8867223,-22.751863,-38.45717,-3.9619763,-14.079658,-25.625599,0.7397438,-31.892836
361,12.46695,-58.104877,-36.063145,11.559968,-62.252277,-34.60493,11.222636,-62.548805,-34.617645,10.772737,-62.892975,-34.626083,11.283405,-61.80417,-43.852688,10.771359,-61.77382,-43.870075,9.985561,-61.693935,-43.868244,4.655441,-61.09666,-20.586971,3.9054282,-59.290684,-62.256027,10.176996,-54.226757,-29.582531,9.75868,-53.9883,-41.68649,-2.2738998,-44.366104,7.3390937,-5.6861186,-35.236893,-75.47646,5.635017,-21.00241,14.757564,3.335353,2.785633,-57.74576,18.90568,-22.074894,-13.603815,18.444197,-16.887888,-15.261619,21.573847,-22.099804,-16.489485,23.531822,-19.660477,-16.500751,21.867275,-30.16251,-20.536045,21.367607,-24.932224,-17.26601,19.76028,-29.373491,-16.258059,19.661072,-24.618414,-14.065594,0.7045456,-5.314576,27.012236,-0.7045315,5.314576,-27.012236,23.709545,-34.44276,13.832097,23.665653,-24.848232,-48.730648,33.54922,5.881841,22.748762,34.079807,18.278028,-22.713108,31.360706,14.536937,23.298075,31.871206,24.292778,-18.71,47.987263,17.620838,14.972891,48.839466,29.490599,-17.949217
370,6.3003025,-47.515285,-17.495262,8.878752,-50.049652,-20.781494,9.568073,-49.732433,-20.76184,10.310557,-49.30926,-20.763182,8.339626,-51.023163,-14.65119,8.621868,-51.392525,-14.660436,8.933233,-51.688923,-14.650348,14.084257,-46.369408,-27.044762,12.147547,-49.923294,1.2671982,7.6132774,-44.243282,-18.76969,6.8734465,-45.327362,-10.560433,21.307268,-29.362154,-27.722338,10.887226,-43.87387,18.858664,34.621895,-11.505939,-36.068363,-4.169696,-52.46949,39.315323,21.845762,3.1116142,-42.51481,7.346982,-63.67804,36.923935,19.025173,7.5025377,-46.18775,10.599189,-66.14732,37.170063,17.585417,5.0876265,-45.919605,12.082715,-65.5435,36.54609,17.90836,3.2148552,-41.55747,11.104483,-63.840668,36.570248,2.1481822,4.85168,-17.06757,-2.1481822,-4.851689,17.06757,-6.3828006,-33.61326,-26.733068,-25.967646,-19.385937,20.926453,-31.030088,-24.247057,-6.6698236,-44.19073,-21.429651,27.3231,-33.525524,-20.132364,-4.599145,-47.236294,-18.683945,27.459618,-39.07702,-30.825445,-6.472104,-52.27337,-28.783915,23.84356
374,-5.3874865,-56.855934,-9.233402,-3.8393445,-59.836567,-7.5690336,-3.0625246,-59.930183,-7.567341,-2.227957,-59.99052,-7.575092,-5.3765388,-59.74536,-5.8710938,-5.719735,-59.764458,-5.883236,-6.022341,-59.805954,-5.891868,-0.30444515,-58.307655,2.9950616,-5.1605372,-58.354614,10.465375,-3.8867939,-53.602345,-5.499168,-5.676744,-53.547253,-3.3840146,5.3005266,-42.058487,0.25963914,-6.54168,-37.93188,23.339287,5.247935,-15.881756,-7.3643217,-9.341888,-14.9417515,18.633308,-3.4972284,-28.752867,-7.36591,-9.9012985,-8.880783,-3.3322005,-5.105675,-32.947937,-8.226484,-10.31412,-7.4543586,-5.9058847,-4.3840113,-35.47435,-8.63745,-10.01475,-9.792122,-7.850109,-3.9134555,-34.416935,-7.3324494,-9.32255,-10.927284,-4.7738047,3.6186795,1.1462269,-9.9961815,-3.6186862,-1.1462201,9.9961815,-6.8936357,-23.392885,-37.160927,-16.46177,-19.647215,-7.2005124,-15.8780365,12.83658,-52.7606,-30.15823,11.12403,-31.5285,-14.109286,20.243763,-54.24649,-29.922426,17.811052,-34.533566,-26.40072,19.626762,-66.86699,-38.11418,15.959554,-46.038635
375,-8.818822,-51.567238,-20.62989,-8.281315,-55.286427,-24.780998,-7.9120913,-55.243908,-24.779888,-7.515134,-55.18661,-24.782484,-8.599054,-55.79233,-19.325775,-8.461427,-56.071125,-19.343863,-8.287447,-56.37032,-19.35405,-4.1945853,-55.146088,-34.515266,-5.0241613,-57.034565,-9.916183,-6.934596,-48.184864,-23.483572,-7.479064,-48.648045,-16.3355,1.8430464,-34.715607,-43.87361,-2.524156,-45.281487,5.5554414,-12.473798,-15.877038,-43.662617,-13.159394,-33.5689,15.782338,-27.162746,-22.192999,-31.28964,-27.38184,-27.125862,4.3142567,-31.062708,-20.237354,-35.36349,-31.598627,-26.260086,4.4496074,-31.184807,-22.363762,-34.365185,-31.760824,-25.629395,-1.7654945,-29.863539,-22.8677,-30.55546,-30.069706,-25.059101,1.4626005,2.0458257,6.8434863,-14.540556,-2.0458302,-6.8434863,14.540556,-13.648563,14.294805,-41.602913,-16.21321,-26.373735,20.500553,-19.701557,2.2321637,6.8771906,-22.023207,-1.6893808,30.521097,-19.011433,0.1690582,12.715617,-21.769726,3.2071755,31.630983,-26.706276,-4.1035476,21.392986,-29.400131,-1.255583,34.690075
377,-2.678138,-44.11205,-40.146366,-1.5240195,-47.054558,-39.796856,-0.7316446,-47.336575,-39.793503,0.1756273,-47.638744,-39.818798,-2.8798482,-46.74964,-35.229416,-3.096024,-46.822037,-35.238556,-3.3041384,-46.894634,-35.23379,3.1866417,-48.18039,-31.74446,-1.0168542,-47.388584,-9.604707,-0.3954673,-42.15079,-36.363533,-2.2503746,-41.901203,-30.021814,10.725667,-39.264088,-35.49572,-3.1536765,-40.37675,4.9219623,12.33081,-58.93866,-58.597843,-9.889105,-59.339096,5.906494,8.983185,-80.96274,-62.812347,-12.149007,-80.364136,-13.885161,9.109309,-86.10484,-68.98558,-13.579943,-85.70266,-18.979553,8.060492,-87.34562,-66.781395,-11.01259,-84.605,-20.864494,7.3859444,-85.09335,-62.404144,-10.3089285,-82.92749,-16.076208,4.909637,2.2621257,-14.945994,-4.9096503,-2.2621129,14.945994,-4.274945,-3.5538912,-94.851524,-23.006521,-11.583667,-28.203932,-16.190868,21.630161,-78.954185,-40.95309,6.7751226,-24.675625,-17.02202,27.138142,-78.17227,-41.7815,10.940715,-25.309017,-26.792469,27.943913,-102.99331,-48.337654,9.068551,-44.007786
425,0.2635435,-54.957245,-11.765965,2.0752144,-56.730183,-16.169655,2.4441407,-56.540234,-16.174944,2.8560987,-56.312286,-16.19071,1.9285622,-57.036167,-8.793975,2.173853,-57.058792,-8.794585,2.4660263,-57.056652,-8.797186,5.6365757,-53.320972,-25.616842,5.229926,-54.236763,7.8240013,0.46301764,-51.422554,-14.777785,0.18776983,-51.871258,-5.0252504,5.8983135,-40.075035,-45.450138,2.6792498,-39.4638,30.4825,-11.516703,-45.165627,-64.87919,-13.516012,-45.47514,36.91345,-18.232014,-64.32684,-62.646973,-20.12468,-61.162643,17.4946,-20.294262,-71.251526,-71.764275,-22.189669,-67.74857,16.020523,-19.007938,-72.60929,-68.92366,-22.300034,-68.78759,10.476628,-18.32356,-70.70769,-62.039448,-22.354836,-67.14619,14.005786,1.0886995,1.25987,-26.125072,-1.0887213,-1.25987,26.125072,-19.495668,-19.709589,-35.6973,-21.097162,-20.314375,19.426683,-37.598545,5.753641,-23.664057,-38.398354,4.083836,25.604874,-38.102222,11.466578,-22.240252,-38.800285,9.447992,25.954887,-49.534904,6.0387874,-29.620779,-49.114136,5.554667,19.455053
433,20.112701,-55.408825,-34.008297,19.580828,-59.58187,-30.210978,19.421732,-59.935493,-30.242771,19.210695,-60.341896,-30.265713,18.937714,-59.24402,-39.73146,18.294563,-59.337234,-39.739647,17.552698,-59.441914,-39.730827,13.532342,-59.88878,-11.263247,12.492726,-58.779175,-54.871292,18.016966,-51.8953,-26.416958,16.941507,-51.58876,-38.97124,7.9378953,-45.488655,12.240909,2.9549196,-33.76628,-71.0137,19.433195,-24.862934,22.962969,19.122236,-10.912799,-77.550995,34.043415,-10.486034,2.822822,37.175117,3.1606722,-70.13639,37.9199,-7.6204886,2.7547593,41.362183,6.356027,-78.867935,38.88855,-7.7126102,-6.24156,42.85292,3.6437526,-78.47455,37.095314,-8.009678,-1.4260966,41.469368,2.842643,-69.9884,2.6766152,-5.9735646,24.996944,-2.6766152,5.9735765,-24.996944,23.800661,-17.85864,47.354893,15.441518,13.689373,-88.6698,27.320429,1.7519981,72.45448,28.997189,7.6732764,-17.848953,26.044003,7.0048547,74.848915,29.005953,7.733217,-9.339717,36.864243,1.6836092,81.341156,41.94826,1.3218635,4.4791694
435,0.5936016,-48.48391,14.813063,1.6610067,-50.594902,10.588131,1.9345943,-50.556408,10.593896,2.2243278,-50.555496,10.580447,1.5164113,-50.72348,17.294558,1.680552,-50.749786,17.293432,1.8404529,-50.789684,17.289227,4.2587905,-49.931736,-0.9599523,3.3855445,-50.159203,29.90127,1.3286074,-46.372387,11.048499,1.1674002,-46.251026,19.874392,7.2306266,-40.26505,-19.228674,4.782479,-38.827843,47.34784,2.8605409,-56.616085,-34.84862,-0.67967457,-51.711483,75.22527,3.2368176,-74.62053,-22.012762,0.042168617,-72.988464,83.5761,5.3714743,-76.97585,-26.045872,0.61967844,-75.564224,85.75085,5.8635035,-77.23368,-25.510248,2.6655457,-76.00618,84.15946,5.112939,-76.57949,-21.708437,3.0123372,-75.1202,82.307106,0.6537424,1.9062258,-25.45716,-0.6537469,-1.9062258,25.45716,-12.178142,-25.524548,-33.63091,-11.28955,-26.6566,34.173656,-23.5443,1.4413178,-27.618011,-21.360218,-1.1796002,16.277699,-22.201637,7.9247794,-26.345201,-19.52713,4.4699097,14.0287695,-36.30969,5.624929,-27.80598,-31.193838,6.1414213,11.341931
461,-5.7781067,-57.37794,-21.082975,-4.52972,-60.707397,-26.189636,-4.125557,-60.650528,-26.193718,-3.6880572,-60.561295,-26.218313,-4.6494045,-60.798603,-18.065868,-4.309823,-60.83053,-18.074453,-3.9109967,-60.866608,-18.08301,0.7934983,-58.13275,-40.65274,0.7440366,-58.942093,-3.7046795,-4.354706,-53.186703,-26.216396,-4.5623975,-53.19388,-15.483698,0.567215,-38.57545,-57.813114,4.2354536,-41.280266,16.93042,-7.1528487,-9.826448,-48.154716,0.4783719,-15.763696,21.496086,-12.612848,-5.4424906,-9.444442,-6.9721155,-4.142571,5.4519324,-14.016122,-3.8341236,-13.001951,-8.99858,-1.000276,4.2687597,-13.928723,-6.0301747,-13.299579,-9.4213915,-2.037924,-1.7525096,-13.232605,-7.0126376,-8.972394,-8.655305,-3.2897081,2.08601,-1.3075911,2.3217642,-27.394238,1.3075911,-2.3217726,27.394238,-22.398626,-27.568954,-30.26112,-18.979692,-34.412136,35.415794,-41.710583,-4.7331047,-2.3799775,-39.27074,-7.598864,48.936966,-42.984047,2.7730129,0.37376085,-39.08371,-2.235721,49.079514,-52.32102,-7.614001,-4.4579515,-46.737244,-11.029043,42.711952
462,8.899236,-44.545425,-13.081351,9.558069,-47.09848,-12.01174,9.153276,-47.440266,-12.022382,8.69072,-47.938957,-12.030525,9.902264,-46.906998,-17.702795,9.7575445,-47.070747,-17.721455,9.5295,-47.36182,-17.726423,4.763813,-49.552288,-3.3763387,5.330802,-48.87619,-29.682251,7.3707776,-41.75331,-8.871887,7.782431,-41.829353,-16.436745,-4.6678843,-40.559,11.826258,2.0505145,-39.398186,-36.22044,7.3365645,-41.66297,23.975565,20.357016,-39.474934,-32.595043,7.289545,-51.255272,14.453814,8.748232,-52.192127,-0.8877872,5.5155916,-51.676525,13.096934,6.465131,-54.652946,-3.3510122,4.7523413,-51.3731,10.540376,3.2228942,-53.754894,-5.901813,5.345158,-49.819115,12.817698,4.410006,-52.485603,-1.302468,-3.0477216,-0.7192138,15.701638,3.0477216,0.71920353,-15.701638,7.371803,-39.573418,32.88104,17.16779,-38.29373,-3.6748037,11.489789,-19.596867,50.605434,17.107584,-27.575382,39.519157,10.56175,-14.661776,52.04686,15.724756,-24.509119,44.649563,15.291603,-23.231321,55.045795,21.467525,-35.07965,53.353523
492,-1.124203,-57.185055,-32.886864,0.50068444,-60.006325,-34.309612,1.3472321,-59.990044,-34.300453,2.2733974,-60.0262,-34.29244,-0.85512334,-60.101814,-29.287212,-1.0777783,-60.099976,-29.29057,-1.2854772,-60.115685,-29.303825,5.6517115,-58.82727,-30.173489,1.0450194,-58.816666,-7.4775023,0.57778144,-53.639,-30.962158,-1.0429207,-53.76147,-24.366434,12.360806,-39.03226,-38.795185,-4.525567,-40.583138,10.735612,-4.195281,-21.800331,-49.865387,-16.99939,-23.857298,3.434462,-23.662752,-10.432861,-48.648384,-28.562328,-10.628583,-29.828632,-27.561718,-5.6660647,-54.403507,-33.580914,-5.1769714,-36.320435,-28.905079,-7.71062,-56.09758,-33.394882,-5.655246,-41.442356,-27.60371,-9.745984,-48.94136,-31.380037,-7.848326,-33.12002,5.4680634,1.5136926,-12.747865,-5.4680634,-1.5137047,12.747865,8.995674,-6.0544686,-72.94417,-27.532154,-21.141497,-10.503348,-17.51204,14.470023,-70.14325,-28.487114,8.933329,-35.342678,-19.160324,17.265875,-69.199554,-25.59338,16.345173,-38.29406,-30.080929,14.283141,-82.55507,-38.979156,13.897584,-53.727074
541,-0.7780479,-44.877625,10.182847,-0.4606116,-48.15301,14.309044,-0.20077997,-48.31775,14.301098,0.06480849,-48.502663,14.281832,-1.9558628,-48.160526,9.272909,-2.937569,-48.324715,9.260331,-4.092619,-48.54666,9.246854,-1.4457154,-48.893505,37.529476,-7.926958,-48.9847,14.08497,-0.737289,-42.425682,19.426218,-2.7081833,-42.064697,12.505754,1.3188038,-41.302578,59.289425,-16.810806,-37.18309,4.9353952,15.597722,-33.201813,72.15246,-19.248823,-25.165691,-5.496065,4.5064945,-53.219307,71.90325,-15.463753,-49.708694,12.135287,2.389216,-58.00313,73.73169,-14.806299,-54.76888,13.283902,1.7084727,-57.375008,79.36896,-14.931936,-54.5486,14.102231,1.9434158,-55.031853,74.017,-14.720257,-52.763702,13.506846,3.8790877,-2.458738,24.403173,-3.8790827,2.4587276,-24.403173,24.778885,-27.326519,-8.918529,16.695833,-27.593222,-54.43288,44.507812,-5.975877,-35.42923,43.572433,-5.8796787,-66.46281,46.19484,1.4452698,-38.39105,45.073174,1.7980386,-66.64814,60.723454,-13.624458,-55.15172,59.68116,-13.470488,-79.15414
556,26.74338,-53.00753,-65.57336,25.911316,-58.21632,-63.391327,25.835526,-58.519085,-63.42411,25.746515,-58.973537,-63.44146,24.609938,-57.77878,-72.751236,24.232586,-57.758965,-72.77704,23.852222,-57.818592,-72.786835,20.354467,-58.77695,-42.864574,18.922134,-56.196808,-84.52051,25.64072,-49.33117,-56.3902,24.00417,-49.116455,-68.34795,14.195888,-45.60577,-14.296727,7.3167086,-31.447521,-92.284134,25.027258,-20.107767,-43.76465,22.172932,-1.8017439,-87.930824,31.055138,-39.38121,-118.72221,32.0083,-29.101515,-53.83498,32.311924,-44.779266,-130.54622,35.87602,-34.837402,-59.289062,31.88442,-47.108543,-129.09435,32.317398,-41.874516,-61.52373,30.393484,-44.820004,-120.58466,30.87686,-39.672188,-53.75609,3.2497742,-5.4548903,24.569418,-3.2497742,5.454884,-24.569418,28.340271,-24.863169,14.731314,14.119843,1.7915962,-82.08432,16.180424,-0.9085009,59.036434,12.111293,7.987851,9.240935,12.690364,3.2608,64.58367,10.146053,6.1474195,20.680529,20.388763,5.0698004,69.168724,17.806705,16.073812,38.4589
565,27.58903,-43.713726,-79.16267,27.440065,-47.96048,-77.82638,27.414915,-48.283638,-77.85449,27.36305,-48.59584,-77.91205,26.409058,-47.793713,-84.81884,25.655518,-47.979836,-84.83979,24.813583,-48.174458,-84.81527,24.054836,-50.27099,-59.74984,19.928392,-49.5327,-92.275276,26.12247,-41.2669,-71.111404,24.668476,-40.994335,-80.59545,22.713984,-40.123512,-41.498764,5.9832444,-34.55225,-84.609795,42.18699,-19.372398,-44.42521,10.268078,-28.610989,-122.748825,62.641,-2.7881935,-73.175064,13.57608,-54.77575,-163.03543,69.11182,2.8369048,-75.65308,13.365782,-60.30855,-174.28673,70.00307,3.8507688,-85.338905,12.047571,-60.544224,-174.89569,67.23359,2.4143507,-77.70754,11.99718,-58.475025,-165.20004,4.7064157,-5.610136,19.783833,-4.706421,5.610136,-19.783833,36.629345,-15.156256,21.310547,32.91339,11.038919,-39.84701,60.93071,-33.104855,17.42996,69.20565,23.744364,-58.383083,65.36087,-34.681347,16.363707,73.87182,31.615469,-61.74437,82.09838,-50.9989,-0.4780007,80.64398,11.722683,-95.1885
566,-15.612531,-45.097095,23.73937,-16.969294,-47.02022,24.525528,-17.330065,-46.978935,24.513453,-17.75319,-47.013924,24.505081,-16.702507,-46.992165,16.714603,-16.825918,-46.89084,16.696365,-16.930105,-46.744053,16.68313,-21.49863,-44.2162,29.64153,-19.757004,-43.797783,-6.367448,-16.297691,-41.903217,26.57963,-16.115631,-41.816093,16.040163,-28.678167,-30.482275,47.124775,-22.450876,-31.04675,-24.692558,-19.744127,-40.884605,92.24484,-5.0328517,-43.84531,-13.552223,-29.054577,-48.463657,122.92633,-24.347212,-53.213715,34.998096,-31.584076,-53.23779,129.43057,-28.78505,-55.53854,38.627487,-31.958443,-51.135803,129.89902,-30.199797,-52.55968,35.581528,-30.769787,-49.34581,123.535385,-28.742352,-50.811543,35.4206,-1.5737066,-0.68163747,28.351616,1.5737178,0.68162626,-28.351616,0.24185658,-38.169983,34.237442,2.8971775,-40.255882,-41.10284,29.235502,-35.840233,46.233784,35.70042,-38.675438,-45.129723,33.953186,-31.259695,46.76256,38.0178,-33.97978,-44.7048,37.905296,-41.52141,42.161236,46.35355,-52.365852,-48.88044
577,-3.9190814,-49.74321,-26.206593,-2.264256,-52.30644,-23.271673,-1.4626374,-52.2561,-23.26704,-0.6771293,-52.188908,-23.282448,-4.18228,-52.274887,-21.091698,-4.71267,-52.238186,-21.088972,-5.2052236,-52.23004,-21.101458,1.2622356,-51.025223,-9.849752,-4.5834017,-51.44847,1.3647151,-2.3712575,-46.959164,-21.394217,-4.836635,-47.074554,-18.260267,7.0141373,-39.300457,-14.969476,-7.113494,-40.699486,5.0688477,7.31858,-59.03746,-33.666656,-9.740634,-60.123676,-0.8037922,5.0781746,-76.88099,-29.960337,-3.3910446,-75.97234,0.42437613,3.7746391,-80.38921,-34.283504,-0.5157293,-79.92187,-4.9065795,3.6298182,-80.41326,-32.086636,-0.0184916,-79.55501,-1.8489186,3.7009742,-79.294,-29.626545,-0.34332696,-78.11742,0.15399598,4.659983,1.1444046,-8.435163,-4.659989,-1.1444046,8.435163,3.2615144,25.299273,-55.65693,-23.31392,12.276894,-2.423728,3.774807,45.419235,-47.203663,-44.987606,23.005266,2.153482,3.9031994,46.86479,-47.32773,-43.456482,29.492674,1.7407368,2.600791,53.21734,-71.62413,-51.992462,24.195042,-11.912342
583,47.00601,-33.243496,-56.544937,50.952297,-32.434982,-58.3814,51.41631,-30.879883,-58.36508,51.944374,-29.223867,-58.378582,50.324017,-35.421955,-53.408535,50.257446,-36.24988,-53.40196,50.2478,-37.020115,-53.420673,52.52246,-24.051914,-50.96491,50.123863,-35.08665,-27.600128,45.10313,-28.975687,-52.60727,44.25731,-32.52741,-45.8461,40.43047,-1.3927892,-42.153214,31.40538,-33.815308,-4.2251086,13.829346,6.5284863,-34.571682,6.3622007,-31.61707,-22.116405,20.836643,-21.048069,-18.898588,21.445564,-31.653723,-70.76801,24.172787,-26.699778,-17.049356,25.550863,-31.936895,-77.65063,26.824549,-26.519882,-15.215625,27.83688,-32.023655,-73.1987,25.925743,-24.92997,-16.364359,26.96876,-31.671928,-70.095665,1.268396,10.743037,-10.728871,-1.2684002,-10.743045,10.728871,-24.480358,4.6338058,-42.59387,-29.075098,-18.498064,-2.0255406,-56.13134,0.43047228,-25.484804,-57.538486,-31.13986,9.732792,-59.205143,1.8392656,-25.38582,-60.36043,-28.914066,9.536813,-66.036835,-15.47171,-52.694313,-65.75954,-45.307865,-10.572904
591,-13.230927,-34.297066,-17.945013,-13.314864,-35.693203,-22.612116,-12.971304,-35.766914,-22.584383,-12.678148,-35.855354,-22.6006,-14.139054,-36.222927,-17.10687,-14.295448,-36.72325,-17.109514,-14.467588,-37.2748,-17.103283,-10.6123905,-37.846943,-31.933863,-12.865146,-40.574684,-6.5700307,-10.944407,-33.496376,-20.391968,-11.942936,-34.172096,-13.188529,1.5085478,-36.207386,-37.24415,-9.133782,-43.42838,3.8502514,-15.79043,-17.917011,-32.48608,-24.088583,-30.444387,-11.411893,-16.511417,-36.891087,0.6057209,-12.987977,-40.027706,-27.737823,-19.052332,-39.753815,0.8352361,-10.293028,-41.47536,-27.908012,-16.801296,-41.714703,1.8272324,-7.4220257,-42.92471,-23.07959,-16.179443,-39.7786,2.0624034,-7.985722,-42.011147,-25.96598,3.0773406,5.3789744,-18.44906,-3.077337,-5.3789744,18.44906,-18.551657,-13.975298,-33.027042,-25.613577,-22.84698,22.537317,-37.74464,6.2006235,-25.458591,-37.404644,0.5231176,16.576464,-39.159004,12.156087,-24.113605,-37.455376,5.2244816,15.695082,-50.607414,5.3566513,-32.035797,-47.720783,4.0797515,8.720989
596,-7.2361403,-46.061737,-60.87417,-6.190568,-49.45248,-65.78167,-5.4415183,-49.327698,-65.771736,-4.6984544,-49.19696,-65.81307,-7.643196,-50.349777,-60.3492,-8.020965,-50.81653,-60.359943,-8.390537,-51.285934,-60.354828,-1.880214,-49.610516,-68.63377,-8.164432,-51.85529,-44.27453,-5.162481,-42.832535,-60.085495,-7.0627613,-44.19221,-53.16782,4.607687,-34.275517,-71.76948,-5.2250257,-45.7221,-18.20696,-14.069334,-15.024354,-63.09846,-23.525002,-31.260046,-45.22538,-17.896982,-36.0756,-23.160671,-12.172033,-45.221146,-75.914314,-18.95188,-42.69401,-23.516365,-9.069322,-50.054913,-77.70467,-15.436381,-44.462418,-22.60848,-7.201609,-50.778656,-72.477486,-15.57458,-41.698208,-21.277887,-7.675759,-48.32805,-74.12762,2.5593736,4.0622125,-19.402222,-2.5593736,-4.0622125,19.402222,-14.320323,8.776601,-49.085075,-8.155031,-18.000032,17.277563,-11.093829,18.981346,8.832269,-12.391814,11.568563,46.58361,-9.299444,21.945942,15.888638,-11.328282,17.311333,50.223206,-16.463072,19.370043,23.789433,-21.309374,16.992683,53.000492
613,-9.062884,-55.123596,-46.41861,-11.030246,-56.878654,-43.640694,-11.03621,-57.02839,-43.67052,-11.04411,-57.14089,-43.704132,-11.8046875,-55.774452,-50.586647,-12.440057,-55.01866,-50.601547,-13.154173,-54.121994,-50.598408,-12.997696,-54.11628,-25.293154,-16.506931,-48.982533,-56.74205,-8.008987,-52.161575,-38.790173,-9.143756,-50.376064,-47.98852,-6.923236,-46.779675,-4.132673,-17.56148,-29.381329,-56.52277,4.9580917,-59.865154,13.66277,-9.704077,-27.308004,-79.81975,-2.9328868,-51.568176,25.960419,-15.368843,-44.855465,-93.175896,-4.732627,-48.933453,30.760769,-19.671381,-49.554493,-98.04518,-6.739202,-47.715446,32.71054,-20.477024,-47.805588,-97.74864,-6.1065707,-47.370083,27.353806,-19.263441,-46.426105,-93.08473,2.846918,-7.172872,18.264908,-2.8469226,7.172872,-18.264908,25.074392,-11.758311,32.192394,26.263582,12.645581,-55.944283,44.05468,-15.895668,46.056538,56.964916,29.105927,-64.785805,47.286377,-12.568985,46.795567,59.011883,34.607986,-66.945114,50.794304,-27.96678,41.38961,68.77675,26.515553,-89.467674
650,-5.209971,-62.0485,-118.7862,-7.305347,-64.94967,-113.34354,-7.5733447,-65.014626,-113.35708,-7.9030476,-65.079994,-113.38868,-7.8724427,-64.466125,-125.45104,-8.457039,-64.16896,-125.47743,-9.099669,-63.830982,-125.497475,-12.404185,-61.80989,-81.35621,-13.249887,-60.368874,-136.31155,-5.9413085,-58.014942,-105.64455,-6.739369,-57.652508,-121.52566,-8.801102,-44.361977,-38.54303,-13.851654,-32.363865,-143.25732,5.3938813,-23.876595,-17.034155,5.358611,-7.4153385,-159.91356,23.189564,-16.236336,-32.09101,28.317007,3.7218645,-161.79286,28.341976,-11.579847,-34.20688,33.986683,6.8120227,-177.85602,27.895456,-13.693344,-46.57216,35.531895,3.751317,-178.0424,27.277533,-11.041299,-38.000725,33.41605,1.9437537,-162.4854,1.758431,-7.5042496,29.745651,-1.758442,7.504238,-29.745651,17.587246,-49.91889,26.756235,17.866472,-28.203695,-64.55181,43.004387,-15.456316,52.845776,43.43613,-10.623385,5.563397,43.453846,-7.266202,54.77503,44.471653,-5.8500257,13.240298,55.841774,-19.343428,40.925987,57.02163,-15.421961,9.540409
680,15.3245,-61.06049,-121.18386,18.756477,-62.50547,-125.542244,19.266562,-61.86004,-125.53328,19.811628,-61.209595,-125.55752,18.341852,-63.37437,-116.59918,18.581997,-63.29208,-116.6445,18.85013,-63.23619,-116.660706,23.223696,-56.212337,-124.420074,22.374365,-58.720554,-84.05245,15.144231,-55.81043,-119.26914,14.632452,-56.88569,-107.4924,17.263273,-30.642227,-121.86307,16.24155,-42.00367,-34.077503,-5.4359226,-15.516589,-120.14631,2.0187042,-22.560251,2.9493442,-23.96231,-19.0033,-108.34075,-8.933229,-8.113036,3.1255603,-29.435196,-16.885746,-118.08249,-11.588909,-5.109214,4.8891306,-29.742168,-18.582058,-119.64732,-11.685519,-4.965092,-5.235393,-28.646397,-19.45401,-108.828865,-10.466232,-5.2262588,-0.7455309,0.5502175,7.3979645,-27.97922,-0.5502175,-7.3979645,27.97922,-31.59424,-7.7252173,-84.725204,-9.185912,-47.25696,17.681807,-67.391846,4.6947913,-88.10101,-38.385128,-29.591236,43.12838,-71.67474,11.153982,-89.67278,-43.028484,-20.993856,43.91126,-80.831055,-9.897624,-125.53005,-51.29511,-41.782784,29.729166
685,3.1915371,-47.436394,-48.27839,2.0012937,-50.45304,-46.454067,1.8701138,-50.745056,-46.464928,1.6928269,-51.032692,-46.49017,1.381969,-49.803608,-53.35029,0.86406803,-49.57637,-53.369255,0.31315622,-49.311497,-53.39045,-1.5514815,-50.5542,-33.788517,-2.8570163,-48.219265,-65.58129,2.4254684,-45.366875,-42.24017,1.6671124,-44.561115,-51.518578,-5.815827,-44.16935,-17.822239,-7.634858,-34.69179,-74.089035,-3.9420955,-64.80916,-10.561553,-2.8345103,-56.050346,-120.23108,-3.025989,-85.908165,-42.50744,-1.7903786,-80.45301,-133.47893,-3.492939,-91.562355,-45.624844,-1.3418623,-86.214455,-145.27475,-3.6731336,-91.49234,-52.22637,-2.3363235,-86.96066,-139.92809,-3.4779608,-89.53892,-46.12057,-2.3762758,-84.84685,-132.20006,1.006308,-5.700427,25.195372,-1.006308,5.700427,-25.195372,19.102114,-23.924358,35.08937,22.384506,-14.128527,-37.00788,31.483793,-1.5137194,53.680782,35.75241,6.012303,-5.4119306,32.113113,4.536932,54.782856,35.124832,11.317078,-2.472616,40.82165,-0.49025816,52.48182,46.813145,5.275666,-2.9847763
697,-2.660967,-60.81808,-2.45467,-0.5902797,-62.807686,-5.3891406,0.011694613,-62.491936,-5.4075127,0.9458116,-62.02336,-5.4111934,-1.5753323,-63.1974,0.72445595,-1.708992,-63.17568,0.7183688,-1.8242933,-63.1448,0.6940126,3.8822196,-58.27586,-12.531967,0.50798965,-60.039543,14.974334,-2.0448039,-56.73397,-5.0849533,-3.1929486,-57.73784,2.9302804,3.7962124,-39.99223,-32.026966,-4.445453,-40.005135,31.571829,-11.513711,-26.294863,-41.850426,-19.362953,-28.1483,36.506847,-33.115444,-19.784018,-36.29176,-36.44,-24.276846,26.578653,-38.164825,-17.780535,-41.685028,-42.18216,-21.41889,26.309553,-38.53317,-21.01526,-39.301266,-41.869343,-21.312477,19.643763,-36.839794,-21.23643,-35.295338,-40.638943,-20.50223,22.815865,3.7164707,2.1682088,-21.042988,-3.7164707,-2.1682088,21.042988,-14.194748,-21.50029,-34.2066,-23.889708,-23.334675,13.3639145,-31.606966,4.6909556,-22.392355,-33.945618,2.4567604,-4.719189,-33.06113,8.102939,-20.70072,-33.13287,7.6229477,-6.91658,-44.227394,2.998219,-30.55716,-40.40083,2.930811,-19.235746
706,-16.477299,-43.493183,-3.0330346,-16.223154,-47.08595,-9.083195,-16.136787,-47.163113,-9.057918,-16.134302,-47.19735,-9.071051,-16.264975,-47.5064,-1.8987762,-16.141626,-47.573723,-1.9169427,-16.125916,-47.64981,-1.9213518,-13.703596,-48.64453,-24.911222,-13.699429,-48.791542,7.551605,-15.139591,-40.87013,-7.9031525,-15.46509,-40.910797,1.4332136,-4.709011,-38.08247,-34.281685,-8.495546,-40.820244,24.520147,-10.568304,-18.678831,-25.393412,-15.985412,-24.54521,30.87358,-18.264378,-32.502895,17.008192,-20.462444,-35.933582,28.125933,-20.688425,-34.90112,19.87469,-21.425446,-37.875736,31.53337,-19.608034,-36.80385,22.306963,-21.755249,-39.32455,31.322851,-19.052397,-35.758427,19.529194,-19.296396,-37.971493,27.99894,1.05263,0.6626171,-21.6984,-1.05263,-0.6626074,21.6984,-29.140326,-0.6885914,-22.73015,-28.981945,5.430672,1.963016,-46.45367,-3.5303144,-20.801945,-48.3552,-1.2512423,-1.803603,-47.332798,-1.8899817,-19.932404,-49.889023,0.24168935,-1.8447753,-54.03028,-10.246221,-26.98698,-55.188602,-10.154117,-8.7607765
735,-1.3049392,-49.75102,-34.597626,-1.2670193,-52.618355,-30.739885,-0.91225004,-52.788483,-30.742714,-0.5856191,-52.956314,-30.746231,-2.9288595,-52.28581,-35.26199,-3.7736676,-52.19614,-35.288044,-4.6851935,-52.114635,-35.278206,-2.1210542,-52.41701,-7.672413,-8.276168,-50.876514,-28.900436,-1.1041261,-47.106915,-25.760612,-2.8644664,-46.268116,-31.876305,1.1791695,-44.1995,13.293685,-14.838804,-34.625713,-28.286978,15.394314,-50.933964,29.348433,-10.775275,-27.317078,-61.64372,2.3744195,-60.24913,47.120846,-14.140383,-48.48101,-78.70056,-1.542892,-62.161648,51.396706,-15.593679,-52.098648,-83.61024,-2.261657,-61.177986,56.453186,-15.574598,-52.16629,-81.855896,-1.1630895,-59.859024,49.43843,-14.9256315,-50.763184,-78.78918,3.8462982,-5.5613985,18.219862,-3.8462982,5.56139,-18.219862,22.165466,-21.587803,-4.5475426,13.710634,-9.507057,-54.651665,35.381783,11.710274,-16.48605,27.64331,20.56229,-51.252872,34.9314,17.526188,-18.357796,27.933237,26.089832,-50.984127,46.191124,12.138928,-29.530912,40.190945,24.486898,-63.88477
739,-16.808132,-53.996372,-5.153693,-15.407494,-57.137424,-9.931382,-14.89198,-57.083275,-9.954797,-14.365043,-57.01078,-9.96374,-15.729469,-57.35717,-3.2949905,-15.440099,-57.483967,-3.293034,-15.105711,-57.624744,-3.2935274,-10.610156,-55.24485,-21.455439,-11.102885,-56.056023,8.418092,-15.284083,-50.987755,-8.977714,-15.624046,-50.933968,-0.32481822,-7.524836,-37.534966,-36.357704,-7.359894,-41.068123,27.543556,-23.991936,-19.247831,-42.965363,-21.058632,-24.187315,27.239418,-43.45901,-12.81313,-36.14124,-38.181553,-13.392518,13.388443,-48.2035,-11.953162,-43.13723,-42.445183,-17.361155,14.190075,-48.27026,-13.009548,-37.83176,-41.740196,-15.5786495,6.606131,-45.95701,-12.660692,-34.213207,-40.884094,-13.769263,9.672755,1.2414562,2.258624,-17.833725,-1.2414562,-2.258624,17.833725,-15.475166,-18.669876,-46.033417,-19.94012,-25.694126,45.848454,-26.382208,4.078233,-19.378977,-22.544592,-0.14890212,45.16541,-26.040966,8.841504,-16.353722,-21.21814,5.148472,45.058693,-37.028954,3.6886714,-14.607946,-32.111576,0.6208372,46.094406
819,8.769558,-50.319527,-15.057917,7.9070277,-53.55502,-14.025116,7.7024155,-53.721333,-14.032814,7.4848704,-53.868885,-14.04105,7.6327786,-53.51433,-22.349503,7.2162876,-53.634644,-22.375566,6.763921,-53.726387,-22.382313,4.62203,-53.365463,-4.227259,3.9415603,-53.034466,-41.801907,7.6021104,-47.920532,-10.038069,7.205894,-47.80609,-20.957747,-4.5153756,-41.918694,17.068274,0.19228202,-37.9644,-52.151924,-2.2671928,-19.632107,35.03291,9.528388,-13.525516,-40.46929,6.4784245,-20.506615,22.843872,15.449195,-32.303806,2.9793932,9.184223,-20.911795,23.186356,16.280075,-36.93317,3.9854825,9.615931,-22.399343,18.549507,15.028095,-38.245037,4.1744547,8.442424,-22.369026,20.335524,14.471571,-37.15526,4.6839275,-0.8507649,-1.8753139,23.119385,0.8507649,1.8753245,-23.119385,22.72102,-6.64412,32.233337,24.481184,-5.084859,-17.169975,23.639473,11.497472,52.27516,50.02228,2.1077662,-3.8420093,22.724657,15.380075,53.822674,51.759632,6.0997562,-2.3746016,27.409437,9.529375,49.410187,56.951477,-9.487679,-8.757386
833,2.1510806,-58.47472,-19.475683,4.1494374,-60.237114,-20.873783,4.7388897,-59.915806,-20.873205,5.3867793,-59.585983,-20.862528,3.4480824,-60.625244,-15.333496,3.4418721,-60.611534,-15.34547,3.44759,-60.60842,-15.356077,8.273222,-56.669468,-21.595959,6.0916443,-57.871162,2.8770387,2.652298,-55.108356,-19.655083,1.8798785,-55.52432,-12.522638,10.661227,-36.922203,-36.202423,-1.8753515,-42.593906,23.767859,2.734354,-16.388796,-51.259113,-16.55707,-37.76345,35.946423,-8.947749,-4.4527884,-62.731277,-31.255705,-37.31786,21.960033,-12.170876,-0.40943995,-68.42138,-35.0594,-38.182495,21.876362,-13.413983,-3.4963698,-70.34096,-35.19413,-38.611366,16.74845,-12.528637,-5.066305,-63.304947,-34.176178,-38.24256,19.18163,4.36989,3.563511,-15.961665,-4.36989,-3.563527,15.961665,-9.725585,18.113012,-62.612144,-20.503344,-17.370852,-27.996508,-27.101273,14.307033,-18.841059,-30.308395,5.3418913,-20.058353,-29.063946,13.908918,-14.115135,-30.075672,11.237496,-19.596607,-38.869698,13.417072,-24.035595,-39.88502,10.227389,-32.733223
842,-0.21648642,-52.855022,-56.76544,1.6285315,-55.95411,-56.06727,2.6700687,-56.028706,-56.059635,3.7231646,-56.088837,-56.069557,-0.20908225,-56.0762,-52.704357,-0.50391,-56.184715,-52.724438,-0.75590575,-56.26902,-52.73683,6.3752747,-55.50099,-39.394413,0.2307517,-55.870163,-23.849794,1.7654365,-49.09,-49.575996,-0.6641771,-49.748,-45.171593,14.343789,-38.15554,-30.176752,-6.6361866,-41.472313,5.036292,18.454552,-13.629526,-54.12144,-14.418985,-21.579176,-11.805996,4.0593853,-25.021643,-86.428444,-11.247179,-26.518314,-68.326866,1.123671,-29.694838,-93.514015,-10.161122,-28.980434,-77.54177,1.9198835,-32.46116,-91.56081,-9.59547,-31.244516,-76.70769,2.6472316,-31.650171,-85.570435,-9.334804,-30.565903,-69.33031,5.9949822,1.9104066,-16.036455,-5.9949913,-1.910411,16.036455,-13.521214,19.88306,-67.9025,-26.002968,13.416203,-34.613956,-18.787758,55.948593,-70.3475,-32.256924,49.275566,-27.40573,-17.636276,63.358833,-71.73752,-31.29254,55.923958,-28.005234,-31.075117,60.13492,-102.403984,-44.505154,47.624424,-52.050705
846,1.4367123,-48.751347,-9.667677,0.8058776,-51.04283,-8.035997,0.770121,-51.235603,-8.0604725,0.7058389,-51.409805,-8.073247,0.113882996,-50.49409,-13.046365,-0.38378638,-50.281174,-13.062617,-0.8927758,-50.02861,-13.073881,-1.5863588,-51.116554,3.936276,-3.521936,-48.707577,-18.823149,1.1979064,-46.883705,-4.5825734,0.32925302,-46.190216,-11.194766,-0.8791399,-45.804226,17.872871,-9.068205,-33.57493,-23.582237,10.112503,-47.09706,24.315483,-0.01917634,-18.6051,-42.09982,3.327071,-55.635048,23.870247,-0.77648807,-44.643013,-50.61336,1.9921668,-57.819145,25.28783,-1.8750389,-50.17732,-54.5103,0.8850697,-56.708633,28.3631,-3.3355184,-49.648235,-54.23659,1.0619847,-55.342316,25.14028,-2.9569921,-48.134052,-50.53227,2.3237565,-4.1677623,13.739465,-2.3237529,4.1677623,-13.739465,15.836221,-30.922958,-0.12685329,11.957052,-17.493742,-39.23049,28.755451,-7.22616,-12.167466,27.46092,12.888004,-44.84722,28.478878,-1.7412622,-13.565826,26.53431,19.933228,-45.256886,38.633255,-5.831725,-22.699028,38.132103,18.54145,-57.477806
847,6.855353,-65.50406,-53.605885,9.575089,-68.24679,-58.6527,9.981331,-67.81131,-58.6572,10.452301,-67.35142,-58.67869,9.390976,-68.91489,-49.95961,9.6484375,-68.92608,-49.9887,9.972336,-68.932465,-50.005226,14.3305435,-62.29475,-69.11325,13.685303,-63.789505,-30.256832,7.2013965,-60.179585,-56.784225,6.682143,-60.900246,-45.42508,15.135092,-31.109062,-83.266106,8.582985,-45.294144,-1.7141058,-7.7512784,-8.508229,-90.964554,-7.442189,-32.508102,14.156896,-30.236488,-8.055431,-84.20717,-27.330612,-30.896633,7.0083923,-36.43675,-6.5165796,-94.971886,-30.996552,-32.85857,7.072216,-36.890045,-10.587574,-93.94173,-32.514725,-29.20403,-2.1114378,-35.25279,-10.640464,-84.14275,-31.0581,-31.154665,2.6272972,0.82139105,5.79987,-23.53259,-0.82139105,-5.799851,23.53259,-11.245859,-35.792683,-42.056057,-13.920368,-41.93205,21.02409,-35.79117,-14.381525,-12.010868,-36.175922,-16.49546,34.6537,-41.63584,-5.3780775,-8.876453,-39.11843,-8.496198,35.829002,-50.834698,-23.978912,-16.345585,-50.041847,-25.004578,31.202633
859,-23.89707,-27.080498,-56.883984,-26.059103,-28.626846,-62.100975,-26.24374,-29.976496,-62.087166,-26.354698,-30.955574,-62.132896,-26.318035,-27.080505,-56.29971,-26.408226,-26.768627,-56.31269,-26.585106,-26.514017,-56.334106,-22.911709,-38.145847,-71.66559,-26.527191,-34.672504,-45.42492,-21.143656,-29.471514,-59.110497,-22.917906,-28.077734,-51.557396,-6.2432623,-38.93283,-69.76625,-20.666224,-36.405605,-25.137783,5.9579816,2.6957893,-61.247528,-16.630306,-4.2674875,-33.60827,-14.84678,-10.968741,-37.10417,-19.215607,-1.7816291,-62.879246,-17.840109,-11.75654,-37.60955,-20.062532,0.30631906,-65.10487,-17.605417,-19.467133,-34.899876,-21.326052,-2.2071455,-66.40984,-16.51454,-18.8687,-34.922134,-20.430653,-3.273417,-64.09628,5.2562118,0.5444517,-18.911339,-5.2562118,-0.5444517,18.911339,-18.832502,29.858643,-33.020256,-24.03553,19.14943,0.35733986,-12.89312,64.00748,2.5589442,-12.489644,55.40244,19.836784,-9.058283,66.55984,6.7493877,-7.891464,57.915222,21.829662,-18.990438,79.64365,6.9566274,-16.65279,72.75671,16.497738
869,0.03643031,-50.82382,-15.167594,1.1031306,-53.48479,-13.976206,1.6124619,-53.53247,-13.96929,2.1319032,-53.521866,-13.975367,0.07805788,-53.543896,-11.06033,-0.12431348,-53.64148,-11.059381,-0.3089894,-53.706505,-11.0691595,4.5285573,-52.3063,-8.565165,1.351114,-52.559288,5.9447637,1.3364505,-48.19908,-13.3925705,0.07558299,-48.337738,-9.229789,8.841626,-39.738266,-15.255878,-1.2635527,-39.902004,10.651822,4.744021,-60.696705,-30.611658,-7.6391287,-56.258743,8.355458,-0.57218105,-78.10224,-29.224527,-6.7757716,-77.16193,0.76277405,-2.084274,-81.9514,-33.48465,-6.1480355,-81.88257,-3.4557168,-2.277018,-82.6755,-32.177807,-5.412964,-81.594696,-2.8022056,-2.0406666,-80.98541,-29.206797,-5.327234,-79.82267,-0.3222388,3.3142548,1.6714385,-8.076377,-3.3142612,-1.6714385,8.076377,0.052727427,23.61471,-41.775803,-20.165426,10.878716,0.86945266,-1.3564473,48.94052,-27.193743,-38.29962,22.775366,3.7365615,-1.4920712,50.700188,-26.737638,-39.03812,28.093647,3.142727,-3.9382598,54.64018,-47.18386,-44.235783,23.571697,-8.862811
875,-19.897127,-49.66532,-24.786951,-19.846703,-53.127144,-30.54035,-19.407038,-53.252758,-30.54586,-18.910036,-53.402637,-30.54223,-20.347603,-53.301193,-22.097157,-20.258038,-53.54029,-22.111732,-20.117607,-53.822952,-22.125994,-14.853829,-54.08113,-43.615356,-15.703461,-54.8138,-5.393584,-17.379557,-47.350105,-28.846874,-18.078613,-47.304047,-17.811321,-5.0136294,-35.90695,-61.818523,-10.324389,-42.608932,19.283688,-18.126337,-15.56245,-72.460976,-22.832798,-27.557499,33.77743,-37.091297,-7.2770414,-65.26194,-37.53459,-15.268207,19.799332,-40.212597,-1.2262602,-73.87996,-40.708294,-8.094022,19.817423,-41.748455,-4.4087996,-72.66234,-40.942123,-10.736764,10.708608,-40.454132,-5.3937325,-64.67172,-38.154377,-7.973087,15.568636,3.1676416,5.34033,-24.642714,-3.167636,-5.34033,24.642714,-14.495071,14.907434,-75.390564,-22.29815,-21.35631,33.616474,-23.6524,-0.4436124,0.15123077,-25.5887,0.5530956,35.466923,-22.846708,-3.0703316,9.541444,-24.294468,1.8573009,35.883514,-33.4735,-5.5839314,25.471989,-30.89164,1.7736186,40.064392
877,24.286877,-47.791206,-58.2402,24.094368,-52.195168,-56.95789,23.765018,-52.698166,-56.9754,23.400711,-53.2604,-57.012947,24.044092,-51.415104,-66.435036,23.679485,-51.30024,-66.46123,23.262295,-51.217876,-66.44952,18.966125,-54.169773,-42.792255,19.080322,-51.020752,-85.38309,21.486391,-45.699165,-51.206135,21.28615,-44.918423,-63.64383,6.565144,-46.764618,-7.419276,11.030035,-31.276443,-93.076035,17.468252,-30.37796,37.581074,27.723185,-2.492801,-85.14031,30.96767,-32.887817,46.289207,41.280254,-20.914152,-44.424427,34.90283,-34.350212,49.906536,44.338165,-25.041729,-49.689823,35.745327,-35.062508,38.39578,42.879158,-28.527367,-48.977314,34.701653,-33.140926,41.739723,41.517223,-27.489399,-43.287304,0.9734793,-7.126804,28.277174,-0.9734793,7.126817,-28.277174,31.585594,-9.803642,18.760517,34.206528,6.648364,-26.056362,65.24909,-1.1726564,38.24483,70.20959,4.282743,-13.61292,68.012375,-0.08309641,39.21023,75.85546,8.191402,-13.762183,71.88669,-17.24693,22.475105,75.087654,-11.1329365,-35.878304
878,-5.9635067,-57.508312,-4.5442486,-4.4388866,-60.01203,-7.458655,-3.972749,-59.966488,-7.460752,-3.4497333,-59.882027,-7.449529,-4.730847,-60.17901,-2.1203194,-4.5204444,-60.25676,-2.1405973,-4.2648125,-60.335915,-2.1522188,0.43003148,-57.407074,-13.965842,-0.7684046,-58.17638,9.616125,-5.0353055,-54.59225,-6.831221,-5.4527354,-54.800266,0.07500853,4.9359765,-38.77745,-29.148272,-3.1774576,-41.203213,26.477581,-6.42839,-19.814077,-35.259254,-15.757467,-26.898012,37.96624,-23.06256,-14.380828,-26.568504,-29.587313,-20.010027,27.802935,-26.700958,-10.64891,-30.727036,-33.05418,-16.254454,27.05868,-27.87708,-12.588848,-30.001163,-33.3167,-16.486542,20.670372,-26.54598,-14.193858,-25.917494,-31.808004,-17.547407,24.458399,2.6573718,2.8395767,-16.308256,-2.6573637,-2.839569,16.308256,-23.131393,-8.981748,-23.625948,-25.776953,-12.351399,10.683604,-46.77616,9.124249,-19.384203,-48.690815,3.5249784,4.8449516,-48.93321,15.185807,-18.871338,-50.867344,9.656365,3.669677,-53.465164,8.790212,-26.328907,-59.090088,2.407036,-3.2981672
900,8.414672,-50.5899,18.07498,8.096443,-53.630096,23.44672,8.395806,-53.87517,23.466032,8.681659,-54.130302,23.450424,6.5798745,-53.052277,22.200325,5.619555,-52.888634,22.20534,4.4635196,-52.65314,22.197304,7.684456,-53.46167,46.799694,1.4302907,-51.76095,42.46472,8.90113,-48.07447,26.426056,6.94992,-46.601254,25.048252,16.212984,-39.116886,46.41007,-5.5700836,-40.172005,41.56475,26.623684,-20.413633,8.414788,-14.120589,-29.303173,3.3243556,17.714382,-30.045017,-26.401012,4.7238054,-29.12694,-23.368088,14.986473,-34.261738,-31.445452,8.118582,-33.070457,-28.555405,13.281738,-36.854206,-26.183674,8.646894,-35.275864,-22.88581,14.544097,-33.890705,-24.8119,7.9116845,-33.956425,-21.193853,6.050156,2.0966923,-9.937599,-6.0501595,-2.0966852,9.937599,-8.021507,-19.76803,-53.421547,-24.947172,-24.669155,-17.990433,-21.79103,22.881762,-73.70411,-36.42364,11.098506,-45.621376,-22.006214,29.037872,-75.8295,-33.75746,18.661615,-49.323997,-31.194576,30.32181,-93.27358,-49.611004,17.375174,-65.42739
904,4.4931507,-59.617596,-37.98675,3.377953,-64.305756,-36.71512,3.0724652,-64.6489,-36.720486,2.710181,-65.01443,-36.730095,3.3265147,-63.698174,-43.688694,2.699822,-63.39165,-43.711647,2.361639,-63.330948,-43.7165,-1.4615233,-64.180466,-25.465998,-2.1052675,-61.002953,-56.893147,3.287663,-56.34295,-32.61798,3.139631,-55.46041,-41.758995,-6.9611125,-46.67598,-3.156592,-9.295467,-31.654879,-62.443012,0.77928436,-24.61496,20.73618,-2.0044293,5.0076275,-51.48251,10.169507,-22.880896,21.079367,9.551597,-15.094514,-22.70938,12.630638,-22.37247,22.59858,12.853328,-19.052502,-23.540436,13.111212,-24.605566,17.97976,11.555176,-23.639137,-23.454918,11.923563,-23.782084,19.221664,10.273885,-23.573977,-21.569954,1.6339295,-7.162673,18.550482,-1.6339295,7.162673,-18.550482,16.327633,-33.373077,3.3593092,13.064816,-23.980871,-42.677944,23.831484,7.2264247,15.238089,22.469095,18.829939,-15.749785,21.803751,15.155533,16.267439,20.929512,25.10321,-11.904894,33.91737,19.573154,9.429314,33.441,32.511364,-11.966472
908,4.374098,-51.496155,9.549974,5.5426636,-52.89769,10.144785,5.980463,-52.789455,10.144863,6.473095,-52.673317,10.14105,4.873779,-52.983177,16.32926,4.81905,-52.937634,16.32277,4.789585,-52.889908,16.32015,8.570597,-50.524433,12.86309,6.2188888,-50.541496,41.332146,4.990409,-48.825195,10.283815,4.0711174,-48.88193,18.42166,11.193737,-38.619934,-4.27722,2.102214,-40.26744,58.993866,12.796664,-59.699028,-32.994495,-2.192292,-60.739143,79.31139,13.828457,-76.99207,-38.288273,-1.9694794,-77.289406,78.61561,13.518789,-78.229645,-44.56803,-1.5391628,-79.64531,78.707,11.557517,-78.455765,-43.4325,0.82480556,-79.52147,77.38623,11.398748,-78.03195,-38.086575,1.1011432,-78.80665,77.309135,2.2655919,1.0327368,-23.763906,-2.2655919,-1.0327368,23.763906,-18.279654,-0.65369254,-64.93318,-21.31846,-2.2118921,-8.537929,-30.541689,24.733511,-92.41449,-33.70306,19.977198,-36.57651,-31.096722,32.150345,-96.33144,-33.641033,25.796036,-40.819363,-41.194004,20.554392,-120.02674,-43.20405,19.322754,-57.556736
923,-9.239471,-38.99081,-21.703587,-9.729959,-40.44262,-24.840544,-9.515225,-40.40347,-24.824993,-9.319409,-40.419533,-24.843798,-10.251674,-41.22092,-20.848364,-10.3621645,-41.770107,-20.844454,-10.47155,-42.379086,-20.831701,-7.295709,-42.018234,-30.105316,-8.774061,-44.862946,-11.620872,-7.176635,-37.733044,-22.864614,-7.571397,-38.659084,-17.562784,2.767148,-35.731197,-33.28692,-5.0206914,-44.23704,-3.1191626,-12.803311,-23.09446,-31.672457,-15.454094,-41.74936,-5.119368,-7.5603566,-46.86382,-9.503775,-5.9842205,-51.275593,-4.494128,-6.8303638,-51.403458,-10.091339,-3.8245876,-52.75573,-2.9852045,-4.8982306,-52.78513,-9.932809,-1.8145319,-52.592503,0.32734057,-4.9911184,-50.36652,-8.927659,-2.446276,-51.4779,-3.0101848,1.5627215,7.200926,-14.548138,-1.5627215,-7.2009196,14.548138,-16.078156,-15.121138,-19.894842,-18.224312,-27.512487,16.858397,-30.458508,10.598211,-16.26677,-29.930908,-1.2756447,17.389866,-30.622683,17.510405,-15.5717745,-32.086536,8.137273,17.12145,-39.31001,10.235598,-21.649176,-38.800503,3.6592774,12.179571
950,5.3802533,-48.16882,-40.011032,4.724546,-51.048218,-38.133842,4.834472,-51.373363,-38.16134,4.9259553,-51.667793,-38.184242,3.505904,-50.10361,-45.8204,2.753011,-49.78193,-45.845894,1.9710429,-49.398144,-45.851692,2.271656,-51.685463,-19.60638,-1.8257751,-47.750233,-54.382015,5.2925005,-46.510998,-31.737698,3.6523705,-45.480545,-41.848488,0.87664247,-47.31577,9.979576,-9.341614,-32.235126,-57.34828,18.586754,-45.914158,34.03077,4.314954,-15.4517565,-73.43854,8.216996,-56.99963,45.65197,1.9135128,-45.424374,-70.056114,5.306518,-59.947407,49.96755,0.107544415,-51.998287,-74.954254,3.6041596,-58.73301,52.19841,-2.1028004,-51.29632,-76.11825,4.31605,-57.00242,46.997128,-1.4350578,-49.036335,-70.198845,3.4338489,-5.8375955,23.765173,-3.4338436,5.8375955,-23.765173,22.895313,-32.029354,-6.760002,19.136429,-14.884196,-70.970116,41.047844,-3.6905088,-16.06236,39.83004,17.764313,-74.73176,39.80719,5.193476,-17.558138,38.284184,24.158775,-75.0305,54.640995,-0.578089,-31.956064,54.222633,23.104162,-93.21562
979,0.09400819,-54.84826,-6.7537003,-1.0853357,-58.176212,-6.099198,-1.1411759,-58.19769,-6.113245,-1.2069001,-58.191376,-6.1217923,-1.7377667,-57.89455,-12.0634775,-2.2885647,-57.709896,-12.071603,-2.8646593,-57.46808,-12.062838,-4.774476,-56.378418,1.176447,-6.2825174,-55.34898,-25.372252,-0.00059739465,-51.749905,-2.8384783,-0.78755087,-51.170795,-10.465229,-15.223869,-40.96487,21.03106,1.1843947,-37.79357,-37.45012,-5.48518,-29.99158,51.987762,16.601902,-33.006054,-12.483072,4.4464955,-23.254456,68.717186,14.084177,-40.247692,47.98955,6.930832,-21.146288,71.86567,14.664811,-43.11616,51.374977,6.401073,-20.978785,67.85957,11.786445,-44.13112,49.727543,5.5353503,-20.998405,67.21174,11.337476,-42.374355,49.039497,-2.5964727,-2.032945,22.23554,2.5964727,2.0329556,-22.23554,15.673442,-26.935059,49.67942,24.656422,-32.212566,-10.831085,25.679531,-7.616728,75.31404,27.528206,-4.5318685,34.189713,24.611074,-1.790685,77.85577,26.21156,2.3017726,39.664864,35.304688,-10.702336,83.143394,35.86017,-8.988671,49.57821
993,-1.5819069,-55.94685,-26.155285,-2.772947,-58.82777,-23.628233,-2.9140882,-58.86876,-23.646538,-3.101172,-58.902954,-23.66567,-3.2731633,-58.58718,-31.89052,-3.7581317,-58.48162,-31.900362,-4.311072,-58.355682,-31.898611,-6.5815644,-56.610203,-7.769904,-7.250747,-56.048046,-45.26841,-1.7454323,-52.785637,-19.376816,-2.3570807,-52.23704,-30.246471,-4.7826657,-42.230183,16.53315,-6.343884,-36.992283,-60.252537,12.286674,-40.937595,30.559397,14.324371,-31.715942,-71.030716,28.766647,-44.84188,16.709955,32.39818,-37.882126,-62.559597,35.285625,-45.7411,17.103977,38.07518,-38.03837,-70.358696,34.383106,-47.34734,8.874045,37.910107,-41.376476,-67.389694,32.884785,-46.38362,12.766923,36.393444,-41.458622,-61.396904,0.96877337,-4.011348,24.113018,-0.9687623,4.011348,-24.113018,17.177504,-29.469124,32.300945,17.826971,-20.293114,-43.56123,30.112469,-1.8777195,47.100224,33.53021,9.948132,-25.128609,29.829355,4.922588,48.229645,31.731133,16.3468,-22.987253,38.638775,-3.7431166,45.46993,46.737576,14.782612,-27.405542
1015,11.321094,-39.44391,9.4183035,11.911402,-41.89623,10.65291,11.769104,-42.14259,10.658853,11.622864,-42.479973,10.671836,11.927207,-42.157368,4.1375985,11.780976,-42.527122,4.1282926,11.6377325,-42.957516,4.117562,9.1993885,-44.64496,20.935617,8.975339,-45.153683,-9.159402,9.703827,-38.4876,13.936074,9.622154,-38.826283,5.229675,0.14396352,-37.870907,39.73565,1.7206159,-42.107353,-23.53252,16.445667,-38.428833,57.99519,19.173347,-38.157417,-20.341501,8.851574,-48.31236,63.562054,8.585689,-49.711193,21.242508,6.946764,-52.53192,66.233734,7.1606355,-53.447575,23.60677,6.8024263,-50.063576,69.039795,5.333183,-51.596874,22.199049,5.7714677,-48.96413,64.07952,5.472308,-50.097256,21.704897,-0.0010247215,-0.7007026,24.850365,0.0010247215,0.70071244,-24.850365,19.4006,-27.521477,26.844114,19.318209,-30.110228,-22.7808,29.086119,1.9303093,26.050373,33.095608,4.1447225,-18.097244,28.129778,8.287484,25.795559,31.780369,10.172253,-16.463753,36.470047,8.464821,24.04558,43.84483,8.974935,-14.918755
1017,19.156881,-38.832195,-49.305813,21.481953,-41.670906,-53.304802,22.408585,-41.311493,-53.28359,23.41176,-40.927982,-53.275852,20.156956,-42.90675,-46.791004,20.065876,-43.406017,-46.81145,19.958956,-43.87985,-46.814682,28.26528,-39.915775,-54.34943,22.309381,-44.239063,-23.75129,20.623352,-35.38089,-47.479725,19.108538,-36.680973,-38.65381,35.368843,-15.443495,-49.52552,24.064901,-38.106762,3.7996485,23.472559,16.079239,-62.400032,-1.7998854,-41.82533,-18.178646,1.4497806,14.5898905,-72.24127,15.244744,-49.091515,-68.277084,-5.006871,17.58785,-77.33095,20.061983,-50.640476,-73.74214,-6.0737195,13.819723,-76.06363,21.001627,-49.733715,-69.976814,-4.008085,12.105736,-70.85309,19.374046,-48.37568,-67.55327,0.96338254,6.4979873,-23.315048,-0.96339667,-6.4980016,23.315048,-3.9545753,-35.15375,-58.99404,-14.399608,-37.954956,-13.869699,-37.530117,-58.038097,-68.7024,-44.99793,-63.293987,-36.535873,-48.441162,-62.065895,-69.91273,-51.409466,-63.812775,-38.961926,-37.807854,-81.95662,-88.52432,-40.008537,-82.67998,-53.688633
1018,-6.405507,-48.728954,1.1410863,-5.6757736,-51.973682,-2.9786487,-5.153769,-52.141315,-2.980248,-4.518827,-52.360107,-2.981088,-6.224508,-52.03388,4.03814,-6.1424294,-52.21772,4.0451083,-5.9750123,-52.42719,4.03179,-0.61575323,-52.257835,-11.486936,-1.876271,-52.607323,20.633368,-4.5461645,-45.183773,-1.3900602,-5.301041,-45.29525,7.904302,3.6247842,-39.64282,-30.887238,-0.7955571,-40.30714,41.84676,-18.054781,-36.604057,-49.31557,-14.074096,-28.871187,59.70175,-31.76146,-53.787975,-49.101395,-23.571375,-30.651798,60.873295,-35.290493,-57.876026,-56.809883,-24.232765,-32.594456,63.210922,-34.5006,-60.097496,-54.486023,-24.637932,-34.01807,58.631496,-33.33023,-58.761288,-48.463444,-24.444035,-33.26376,58.68566,2.2894676,1.608108,-22.748405,-2.2894676,-1.608108,22.748405,-13.240293,-28.307417,-50.158607,-22.450308,-28.97476,8.820785,-27.090567,1.453534,-45.670284,-31.201803,2.8292923,-23.584274,-26.017189,6.9120607,-44.45793,-29.753748,9.4981165,-27.098957,-38.677464,3.226408,-47.029022,-39.532185,6.0568304,-37.53673
1039,3.117362,-52.81316,-2.904762,5.1762824,-53.79787,-3.6573272,5.6785235,-53.57147,-3.6725793,6.2226505,-53.328335,-3.6855493,4.705002,-54.014717,1.4751217,4.8239307,-53.93731,1.4800352,4.9932847,-53.874622,1.4721372,8.644133,-50.530304,-7.11622,7.3210874,-51.785957,16.465094,3.395582,-50.04918,-4.4407053,2.8680184,-50.33441,2.3921468,10.36406,-37.844105,-21.119602,2.9266794,-41.044144,26.220127,8.312044,-57.05434,-47.32827,-0.4853284,-58.108513,34.756832,8.744679,-76.05163,-53.277565,-0.25145555,-77.31328,27.005884,11.263771,-79.62205,-59.45318,0.5125609,-81.18841,24.703068,11.176528,-79.30971,-57.02157,1.8078687,-81.89636,23.426004,8.215343,-78.27932,-52.76314,1.8727548,-80.53675,25.312147,2.9401853,2.5615745,-14.814094,-2.9401946,-2.5615745,14.814094,-14.510152,11.545085,-45.700325,-20.130367,0.5351843,-0.17443772,-35.746124,21.639969,-63.169525,-40.793613,9.701188,-7.3579254,-38.320873,26.166197,-65.60366,-40.155132,18.600668,-8.628168,-45.454494,18.04658,-86.195755,-48.776634,5.94623,-19.673285
1049,-12.29478,-44.605682,10.698695,-12.905293,-47.46456,5.672005,-12.663428,-47.777428,5.686099,-12.392531,-48.143166,5.6667914,-13.18659,-47.46111,13.545518,-13.158025,-47.7613,13.541748,-13.105984,-48.111897,13.551873,-9.494596,-50.96172,-4.3536973,-10.473628,-50.837337,31.300938,-10.307303,-43.38874,7.587245,-10.540661,-43.228676,17.80282,0.94382316,-37.89743,-21.78824,-6.6527805,-41.8986,55.40887,-14.264824,-19.40291,-12.425411,-17.872194,-24.726576,36.23494,-19.306597,-31.383429,32.657356,-19.901997,-24.630455,-7.4803905,-21.257454,-33.6129,32.833153,-20.872513,-23.145714,-9.719481,-19.365911,-35.792698,32.16786,-19.723835,-25.34823,-10.158939,-18.676172,-35.192142,33.817913,-19.126411,-26.029158,-9.112533,2.598724,1.3384869,-26.956772,-2.5987425,-1.3384869,26.956772,-19.385347,-26.753353,-38.26004,-23.431536,-25.628796,4.058621,-38.97866,4.0751734,-52.82746,-40.200764,2.6908164,-36.690086,-38.172474,11.322872,-54.71275,-39.726135,8.503203,-42.153088,-49.934284,8.790467,-63.209526,-50.192566,5.9097314,-55.91454
1065,-9.506156,-61.25858,-62.91135,-7.2320185,-64.30159,-64.72518,-6.299521,-64.19987,-64.72518,-5.363496,-64.05603,-64.726036,-9.103977,-64.401,-59.56016,-9.474315,-64.438484,-59.56903,-9.80567,-64.51171,-59.584057,-1.8895427,-61.806858,-62.01212,-6.5598817,-62.57636,-39.073067,-7.4728026,-56.80771,-61.308746,-9.602144,-56.962593,-54.552166,8.17829,-40.72961,-66.11999,-11.991437,-39.179466,-21.907759,-5.4831204,-13.8548,-78.421715,-20.150549,-15.647456,-25.044786,-26.801283,6.587724,-80.083694,-30.424557,3.2384825,-48.149673,-29.788918,13.0720005,-87.73445,-34.353573,10.784156,-52.806145,-32.27881,12.332916,-87.879395,-33.055813,11.380958,-59.537487,-30.718803,9.5804405,-80.05228,-31.226767,8.640135,-51.56173,6.2254453,1.8275661,-8.770447,-6.2254386,-1.8275661,8.770447,21.169674,-8.7406225,-74.3709,-24.914314,-22.945309,-16.289057,-6.8393598,11.752463,-62.85798,-17.120049,5.432711,-18.71106,-8.624177,12.695959,-60.45149,-13.696095,10.548893,-18.234161,-18.812368,11.800005,-71.916756,-19.593534,6.980823,-29.660992
1092,-25.679585,-47.380875,-5.901453,-25.139788,-51.00251,-10.440426,-24.879524,-51.218052,-10.440801,-24.600859,-51.42253,-10.438411,-25.014723,-50.916122,-4.1908426,-24.672054,-51.112717,-4.200444,-24.290915,-51.343185,-4.197689,-21.12366,-50.93064,-22.168304,-20.671576,-51.29564,6.163932,-23.929388,-44.679863,-9.346076,-23.780392,-44.426064,-1.1139209,-17.18349,-35.90818,-35.236034,-12.786181,-38.266075,24.144993,-36.021793,-23.068144,-40.925125,-28.650772,-24.872,30.258564,-53.569115,-18.69883,-22.526129,-40.71537,-18.65903,20.131956,-57.027744,-18.226543,-28.075022,-43.485035,-20.426544,22.106907,-56.64638,-19.27207,-21.858648,-49.587357,-19.156063,14.34913,-55.626617,-18.92313,-19.956724,-49.34908,-18.742203,16.710207,-0.5140496,2.8344226,-16.582747,0.5140496,-2.8344316,16.582747,-28.520176,0.8801298,-5.0141935,-26.693811,-2.962687,27.472057,-54.79928,-1.1745596,13.673433,-51.256435,-3.7259982,46.722965,-59.32901,2.1970198,14.827999,-55.717426,-0.79938567,48.41442,-59.58668,-16.158272,1.4639392,-56.31912,-17.240007,40.64682
