1,54.14688,-12.822491,5.564175,56.762527,-11.221117,-0.3630632,56.795986,-10.608183,-0.37814805,56.832386,-9.959992,-0.39309,56.771534,-11.322549,8.051952,56.80762,-10.79757,8.082252,56.856895,-10.198024,8.090899,56.030212,-2.9875908,-14.948544,56.216866,-4.0456314,22.732527,51.79207,-10.819235,1.1744629,51.67361,-10.973726,12.117217,43.989132,6.8553157,-39.861504,35.899864,-2.642102,51.833416,39.6397,-38.35255,-47.56411,27.432323,-37.22612,71.26488,38.7759,-81.24015,-33.858223,30.994293,-66.84351,66.64346,39.086185,-90.47202,-40.70716,31.792343,-73.45408,68.88203,41.13784,-90.860275,-33.21533,32.58428,-73.83277,62.10483,40.996197,-87.91033,-30.34286,32.04901,-72.62637,63.27774,0.41579664,5.048746,-26.638025,-0.4157838,-5.048746,26.638025,-23.353056,-44.73144,-32.7883,-21.294983,-46.921917,32.153625,-44.443314,2.4459171,-11.077418,-39.0647,-6.034986,59.338997,-44.689724,12.427547,-8.0731,-37.519974,4.0452967,62.104233,-60.46856,6.2819386,-8.185631,-52.58935,-3.8522143,59.75007
2,9.89144,-54.147266,85.34497,12.784414,-55.22997,88.534775,14.006874,-54.29188,88.54391,15.034156,-53.75841,88.51732,9.8638735,-57.539623,92.47873,9.031911,-58.161617,92.48488,8.5815,-58.051617,92.47508,17.989803,-49.105732,92.22896,9.799322,-53.504227,111.274315,12.221407,-48.95106,85.77759,9.719144,-49.88844,91.06714,23.79378,-33.1132,70.464325,3.2307398,-36.06304,104.769325,26.182497,-18.554165,25.018757,-7.682084,-25.7631,61.749184,14.563006,-47.62628,1.0523193,0.2086389,-52.348625,11.893593,11.367467,-53.81521,-4.2712073,2.416068,-57.996006,3.6952753,10.816757,-55.441772,4.4651737,3.694231,-58.542763,11.93546,11.47388,-53.384926,4.4935694,3.6220922,-56.416702,13.387944,6.38506,3.1756308,-10.912813,-6.38506,-3.1756546,10.912813,0.5446922,43.410904,-89.38506,-36.91748,19.011257,-7.333317,-2.4009888,92.86917,-127.82756,-60.21269,42.732136,-15.173836,-3.7580218,97.91511,-132.02446,-61.21489,53.040688,-16.7867,-5.844672,99.82903,-166.54306,-73.82683,38.470097,-40.51983
6,53.570305,-7.8650765,-25.088516,56.42435,-4.867061,-30.591276,56.457603,-3.9946933,-30.596972,56.51195,-3.0571282,-30.602732,56.54246,-5.663634,-22.60793,56.643402,-5.3470387,-22.600494,56.77997,-5.008959,-22.608013,55.059372,3.9609756,-43.29778,55.499847,1.2553794,-8.25044,50.79143,-5.828462,-28.87596,50.806267,-6.971048,-18.648727,40.773956,11.178015,-62.269814,38.462433,-0.15098698,19.840096,18.06111,9.955813,-66.606865,16.715279,-0.69984543,33.043385,-1.7950605,2.9010873,-62.818546,0.80113614,-7.3351135,24.420725,-7.9308896,1.9916704,-69.57394,-4.1304054,-9.222916,26.06312,-7.8594885,-1.6121663,-68.86275,-4.018592,-10.191634,18.235786,-5.763064,-2.372218,-61.921864,-2.5791998,-9.508144,20.84428,-0.13862893,4.946389,-24.034777,0.13862893,-4.946389,24.034777,-29.818296,9.321453,-21.98119,-28.810417,0.29920816,36.131954,-59.42375,7.0643053,-13.722793,-55.02813,2.0407758,56.045525,-64.832016,11.426761,-14.285686,-59.015327,5.990739,56.85586,-64.928505,-14.359578,-37.500973,-60.502647,-18.34019,43.244614
7,53.809948,-9.816311,-7.6023326,56.59082,-6.5619597,-13.136034,56.723083,-5.587429,-13.154117,56.840103,-4.5349894,-13.152996,56.344658,-7.8179955,-4.8324733,56.31701,-7.734917,-4.824742,56.274826,-7.6480293,-4.8364177,55.958702,1.1416445,-24.966616,55.260147,-2.8188927,11.484859,51.134293,-7.0801573,-11.046147,50.70107,-8.680906,-0.4717027,42.204655,7.763231,-50.416077,37.784313,-6.4355755,42.374302,19.92369,-0.067471124,-56.93367,17.944012,-16.302275,55.271893,1.4333602,-15.870964,-46.89175,3.227836,-35.89924,42.220264,-5.302067,-17.206774,-52.247833,-1.8755125,-41.760998,43.5136,-5.3395944,-21.746738,-52.724205,-1.2462709,-43.247597,34.917374,-3.4176726,-21.861536,-46.20937,-0.051814843,-40.536274,37.80412,0.14849158,6.2410383,-26.579327,-0.14849968,-6.2410383,26.579327,-32.156597,6.112222,-32.91406,-31.083717,-2.7955055,24.9762,-63.82513,7.2650986,-27.114979,-62.497246,1.2296989,29.526028,-68.74994,14.54031,-27.846046,-66.162315,7.1265907,28.724947,-74.42466,-10.161479,-53.03367,-70.77398,-15.450692,11.914433
24,-41.22476,-29.052845,11.946556,-43.94513,-30.01949,14.726051,-44.024525,-29.772392,14.706638,-44.109497,-29.487991,14.690031,-44.518303,-29.20953,6.641788,-45.00735,-28.350407,6.656812,-45.534153,-27.39512,6.6567087,-45.270737,-23.707022,28.83544,-47.243237,-20.837173,-8.457806,-39.728523,-25.778215,17.722864,-40.431507,-24.792103,6.722899,-35.70026,-15.023123,40.842705,-42.06606,-3.7492287,-22.92776,-41.995037,-43.832623,62.42072,-51.972294,-37.631565,-38.313854,-59.98677,-44.259663,55.615807,-69.066284,-41.807983,-16.153902,-66.1531,-43.816765,53.64905,-74.851814,-41.42736,-17.122332,-66.90814,-41.45952,55.585564,-75.20835,-39.227055,-17.57881,-64.80025,-41.13269,55.217648,-73.36389,-38.962204,-15.461312,0.85363275,-6.257301,22.45718,-0.853639,6.257301,-22.45718,25.529861,-42.268925,13.10074,26.694124,-26.932585,-36.95343,44.631283,-4.105913,18.40345,49.073986,16.038794,-31.014603,43.428272,3.2887096,18.527607,49.303402,25.864622,-29.97438,57.1293,-1.8217945,14.775662,65.90457,21.745026,-35.97076
29,-40.526752,-26.826567,1.1422555,-43.897903,-27.663836,3.4222863,-44.27543,-27.280083,3.4125037,-44.710613,-26.781263,3.3941255,-44.081123,-27.081097,-5.9288425,-44.57702,-26.358536,-5.9207287,-45.12449,-25.549257,-5.924669,-47.06588,-20.661316,18.6877,-47.849987,-19.349262,-24.035212,-39.704662,-22.301601,7.6212726,-39.91693,-21.241676,-4.812323,-39.08622,-5.9340963,39.356815,-40.79165,1.5153213,-35.992786,-37.89821,-28.584131,82.94219,-46.733208,-15.90373,-44.792625,-47.90812,-17.1767,107.72023,-55.00556,-6.6738224,-3.8351693,-50.912266,-14.704737,110.48135,-58.026535,-6.2555513,-3.4950242,-53.386135,-12.695198,111.40157,-57.39131,-4.9722548,-5.1274185,-50.03274,-13.342373,107.48347,-55.740757,-4.9933634,-3.7037597,-0.5589956,-2.9041834,27.673409,0.5589956,2.9041834,-27.673409,25.328012,-29.933226,23.220798,27.257147,-22.666039,-27.07973,47.790154,2.0544455,30.403984,50.485844,8.807981,-22.025768,49.92108,14.046958,30.693003,52.366096,22.621983,-21.131973,59.413124,-4.2803874,25.817677,65.30718,1.524967,-28.28713
58,39.007336,-36.12439,68.2592,41.614914,-34.9879,68.42116,42.069454,-33.94901,68.45191,42.569244,-32.916565,68.43845,40.92785,-36.513268,74.039764,40.814514,-36.53776,74.03774,40.710964,-36.53179,74.01057,44.01865,-27.568731,69.97081,40.55942,-32.573483,95.31032,38.051754,-32.118816,67.816376,37.033314,-34.25113,75.14592,41.993652,-12.485901,54.42183,26.92223,-28.141674,96.05665,50.082535,-43.83017,50.79031,31.825436,-52.69451,114.18737,51.669205,-26.952961,85.89502,42.59263,-32.320587,134.79382,52.734703,-23.16013,88.29128,43.72641,-26.999235,133.92181,50.01366,-20.535965,87.72775,43.76104,-26.353872,140.18694,49.568115,-21.749413,86.16277,43.478233,-27.789896,136.49467,7.3504896,4.1170673,-17.885921,-7.3504896,-4.117051,17.885921,-21.355076,-24.211853,-63.904236,-41.586765,-30.411768,-0.60714304,-38.757023,24.830767,-105.70611,-44.99627,19.05862,-14.200804,-35.906418,33.42728,-109.39196,-43.151028,32.42823,-16.07843,-54.55324,30.023422,-125.020935,-56.115543,30.829853,-22.460163
72,-51.2466,-6.5077095,-1.039756,-52.342957,-0.38303939,0.2135244,-52.28581,0.09336241,0.19789527,-52.227062,0.55924004,0.16806252,-52.28491,-0.117973275,-6.3944645,-52.214123,0.56750983,-6.385574,-52.143116,1.2323301,-6.398018,-51.49321,4.312402,12.44103,-51.39564,5.008024,-17.59405,-48.764465,-6.5065293,4.5006657,-48.864857,-5.9418,-4.260239,-38.863323,5.656865,35.167305,-40.693645,2.750763,-38.357174,-32.849304,-2.2147439,75.93206,-34.50679,-0.32499886,-97.218666,-32.721844,-9.121239,113.212166,-39.207455,-0.68542475,-148.00854,-31.637325,-9.4484215,122.728836,-39.557846,1.7126448,-158.11401,-32.52176,-9.126786,118.27464,-40.255478,1.5668603,-154.04141,-32.923824,-9.702893,112.534294,-39.826347,0.6178179,-147.5462,0.061351947,1.2598962,22.084238,-0.061351947,-1.2599078,-22.084238,27.872616,-14.914706,21.345182,25.422127,-23.90458,-25.125599,48.494904,10.4627695,29.34193,43.925217,10.516745,-11.796517,50.019108,17.308619,28.999195,41.644455,18.80279,-10.215905,56.781406,9.908178,19.124922,53.020477,13.9872265,-16.551598
91,-35.86174,-42.552387,68.85441,-37.70015,-43.724777,74.38751,-37.523506,-43.66956,74.39672,-37.350517,-43.618565,74.38835,-38.599224,-42.73464,68.45064,-39.072998,-41.939175,68.45418,-39.59466,-41.065742,68.44256,-38.228687,-38.11285,92.204926,-41.31247,-34.28039,65.549835,-33.85602,-39.645775,75.351425,-34.93559,-38.126072,67.277596,-23.290426,-30.507725,99.53471,-37.93811,-18.85891,42.60196,-30.258718,-61.772068,122.61331,-44.241425,-46.952137,34.60037,-39.447147,-86.39813,154.19002,-50.517952,-77.71567,62.867744,-42.924603,-89.491035,156.82774,-52.018696,-85.40523,61.88965,-43.95011,-89.17459,159.02655,-51.769012,-84.70403,64.74191,-42.902885,-87.31322,154.4412,-50.622696,-82.61524,64.09741,4.8226414,-5.2876325,12.929142,-4.8226414,5.287645,-12.929142,35.20567,-14.918346,-20.31876,9.262338,16.667921,-101.683044,48.226112,31.800774,-34.434692,42.216866,45.725994,-130.98186,48.408188,39.49865,-36.927437,44.765663,51.85248,-133.42386,61.72854,47.07333,-56.09915,59.524708,51.980484,-153.62717
103,47.69491,-24.085587,36.08323,50.20215,-21.968311,37.830933,50.69845,-20.513456,37.8313,51.26102,-18.874483,37.791218,49.38769,-24.986124,41.51913,49.21464,-25.565523,41.539238,49.03937,-26.111565,41.534164,51.67256,-13.264079,50.1175,48.843597,-22.345234,67.98949,46.13704,-19.066113,40.73333,45.39417,-23.251123,45.719906,42.966564,-0.026158115,43.992035,35.343464,-16.33049,80.79451,38.22413,3.0477161,58.71407,19.695286,-36.24298,99.71493,41.438046,-12.019329,109.77368,30.35252,-31.024889,117.19147,44.726883,-17.846678,119.04878,33.14632,-29.487965,117.74001,41.270542,-14.588848,115.93117,33.874683,-28.498713,123.145905,40.377213,-12.8295,110.608795,33.75557,-27.66709,119.497025,1.3925906,3.6911767,-17.238096,-1.3925906,-3.6911767,17.238096,-26.242,3.982975,-47.359264,-32.912685,-3.980169,-2.5615268,-55.905605,55.00092,-89.25766,-67.84147,27.051619,-45.67435,-56.79006,70.73687,-93.24083,-71.70697,39.552834,-51.134617,-69.51573,48.777363,-107.222664,-82.38548,11.234712,-66.574936
109,42.19966,-48.22195,25.54588,45.801533,-48.29185,25.004398,46.547714,-47.014248,24.99946,47.390648,-45.408623,24.969841,44.5724,-50.270798,31.3795,44.408157,-50.504326,31.3946,44.246544,-50.790085,31.3755,48.771694,-37.633396,28.345493,44.37039,-46.509224,57.804394,41.29217,-41.650146,27.087215,39.93754,-44.825413,35.504642,42.324642,-5.6801324,17.341213,25.734219,-36.367355,71.90622,27.841696,3.6313813,-21.148699,1.3607417,-29.847103,66.83092,42.43071,-27.685678,-43.445335,19.086002,-44.61357,34.641163,45.305645,-34.84371,-47.5092,22.600552,-45.567493,29.08203,46.638443,-33.592976,-45.75587,23.916227,-45.64496,33.19313,45.799862,-31.332508,-42.6585,23.049303,-44.70292,34.922905,5.659513,10.181845,-21.067976,-5.659513,-10.181845,21.067976,-16.198046,-12.358061,-84.270515,-32.426502,-27.367628,-51.050312,-40.400482,52.505344,-110.06114,-58.27841,29.829615,-73.9728,-44.610584,67.53771,-111.815285,-59.269558,50.617058,-76.701935,-59.099026,50.265457,-133.71007,-75.90522,23.247625,-100.27492
122,49.97176,-18.227655,-8.110013,52.843178,-14.875025,-11.667807,52.91146,-13.7660265,-11.682012,52.954205,-12.573298,-11.702613,52.60779,-15.822763,-3.372743,52.533543,-15.467276,-3.384981,52.50169,-15.139747,-3.403047,51.519043,-4.7128396,-17.72404,51.353054,-8.849605,19.570074,47.614594,-14.9551525,-9.564653,47.515556,-16.363974,1.2760023,40.94523,11.038513,-33.981808,38.922817,-6.445524,39.82927,59.032143,18.520527,-86.81301,49.733345,-15.378702,102.53355,80.61394,24.417824,-115.85291,59.733765,-20.09232,149.67339,86.04443,25.625443,-122.636475,61.2638,-21.067034,157.91095,86.78122,24.773533,-123.5274,61.7905,-19.173285,155.17786,85.22321,23.555593,-116.996124,60.627777,-17.899967,149.08612,0.19883576,7.71873,-22.834757,-0.19883576,-7.71873,22.834757,-27.203444,3.5565946,-37.03772,-27.536366,-4.459707,5.308555,-59.480732,7.9859934,-43.33061,-58.49713,2.9287314,6.9002337,-63.88808,15.082797,-44.497635,-62.94604,10.778807,5.293842,-68.67911,-10.482903,-69.180244,-66.912605,-13.6357765,-15.524854
129,-48.60279,-10.9637375,-2.6284018,-50.564175,-9.416433,-0.02006098,-50.579254,-9.140763,-0.028279206,-50.622856,-8.824527,-0.030572826,-50.573776,-8.45042,-8.276022,-50.588394,-7.4277015,-8.272479,-50.644993,-6.2805758,-8.269146,-49.350517,-3.4110475,15.875779,-49.87637,-0.3094507,-21.843798,-46.669754,-9.462814,4.336535,-46.927708,-7.950454,-6.670487,-38.862503,-4.9656434,34.268723,-41.09096,7.693577,-34.45323,-51.579475,-16.93562,52.350296,-54.532505,-10.799913,-50.147373,-66.25645,-9.265272,41.359432,-70.49781,-5.5348277,-26.728552,-70.85363,-4.019851,38.107746,-73.51061,-2.0121245,-29.429626,-70.58924,-1.4144548,39.655636,-72.74479,1.4084393,-29.685905,-68.67588,-2.8558156,40.351166,-71.53278,0.3634902,-26.315712,-0.25279516,-3.9030268,25.54132,0.2528078,3.9030268,-25.54132,23.748339,-19.4456,28.126509,26.082779,-9.403884,-23.917227,44.160408,0.16075361,44.039177,51.308662,12.256085,-6.9564238,47.21825,7.2486105,45.067142,54.42349,18.66918,-5.889719,54.520523,-6.367296,37.74331,62.747253,5.112647,-21.938309
133,44.597126,12.655239,33.560215,46.54155,10.390456,34.636227,46.38479,9.577719,34.632553,46.332245,8.744071,34.61235,47.1914,11.5333605,28.531233,47.469475,11.372156,28.54355,47.878056,11.095702,28.514225,45.65202,4.5297575,42.696148,47.626762,6.757477,14.271905,42.351723,11.06221,37.704514,43.257893,12.299796,29.314083,35.62261,-5.090307,50.13661,44.328262,2.2869446,2.0924644,31.099281,-0.0015310347,86.29427,47.903366,13.346987,-14.709724,39.507927,15.895534,115.89402,48.011894,18.971739,2.182268,43.883625,16.673912,124.99193,48.568386,19.184834,3.2262654,43.734413,16.981445,120.672775,48.183754,18.507874,7.9548826,41.59506,19.424274,115.133194,47.63476,18.251923,4.8593483,-0.5000232,-3.6582286,10.583563,0.5000232,3.6582286,-10.583563,-14.985985,2.0051706,-4.1342087,-36.401783,12.357414,-22.508762,-34.64821,18.849575,-5.32418,-72.53121,11.855223,-38.655518,-36.472717,19.373522,-5.925326,-77.545204,12.139778,-40.36028,-42.337574,21.5746,-13.180314,-85.30716,-4.858292,-54.630608
157,50.037296,-25.64913,1.5943762,53.553368,-24.016052,-1.2767425,53.805172,-23.40795,-1.2672935,54.189217,-22.890774,-1.2592164,53.362434,-24.898891,4.78311,53.340626,-24.802103,4.7714477,53.38853,-24.797503,4.7458005,54.03564,-17.63313,-5.048029,52.54983,-21.030228,22.080097,47.516953,-22.466248,0.81087595,47.341763,-23.692366,8.611535,43.634937,-0.65982795,-16.708637,34.40818,-16.926353,41.356106,48.84086,-17.289154,-36.309937,33.046993,-44.988464,48.815563,58.174862,-27.482018,-24.711555,45.92253,-35.380024,39.9202,61.306007,-28.380417,-25.885674,50.89048,-32.47662,36.432045,60.626423,-25.823044,-25.37804,50.421017,-30.47836,40.28852,59.100704,-25.279722,-24.020523,48.996544,-30.519958,40.316414,1.6810896,3.6006598,-20.880806,-1.6810896,-3.6006598,20.880806,-26.071722,-9.914915,-38.793972,-28.240004,-8.115153,7.716275,-51.241566,20.646538,-47.783287,-57.74985,16.459871,-4.912889,-53.406036,31.342989,-48.229877,-59.20267,27.237642,-6.792289,-70.01788,5.330437,-57.362263,-69.099434,4.8768153,-16.326921
200,39.971962,-38.336056,77.0845,42.17587,-36.613148,77.686615,42.663616,-35.590153,77.71679,43.069614,-34.41467,77.70814,41.056267,-37.939312,84.75899,40.727486,-37.92138,84.77932,40.294994,-37.823685,84.78937,43.94143,-27.122837,84.485985,39.247063,-33.166096,116.44237,38.993526,-35.01809,79.78016,37.804066,-36.341415,89.02403,45.78553,-7.850842,82.00392,26.959663,-25.437864,127.47125,58.13093,-17.410055,96.14229,24.293304,-43.399128,170.58939,64.23778,-27.359884,162.89876,39.134796,-33.02419,209.31656,66.657906,-31.701649,171.52478,42.59306,-30.474016,217.61644,66.337135,-30.80164,171.77213,43.16994,-27.801014,220.13939,64.256355,-28.204012,164.72623,42.94769,-28.209288,211.46677,6.458129,7.539925,-17.435818,-6.458129,-7.5399423,17.435818,-9.643261,23.491468,-147.66612,-43.47847,11.023755,9.403938,-32.168423,70.25794,-222.34514,-80.88436,28.980732,0.66678816,-37.19709,75.20403,-229.73802,-81.483475,38.288254,-2.4608667,-33.17793,84.84414,-266.96643,-85.80596,12.238507,-28.478905
203,-48.951366,-10.063593,-13.850349,-50.821598,-9.546572,-10.632551,-50.77559,-9.645375,-10.638586,-50.733643,-9.7766485,-10.653895,-51.10885,-7.811685,-15.38127,-51.286358,-6.6174755,-15.375622,-51.459576,-5.4732184,-15.366954,-49.771015,-5.6741705,7.6103067,-50.620586,-0.4917369,-14.688316,-46.625984,-8.946386,-6.6670856,-46.97935,-7.042143,-13.228517,-38.108322,-5.971048,18.996296,-41.864567,8.053451,-21.28338,-51.304817,-19.513147,29.63419,-58.737988,3.5173054,-35.611134,-68.39134,-11.082591,24.741943,-74.89125,-3.3355646,-23.810165,-71.94344,-9.510849,23.423927,-79.4593,-4.033066,-24.69747,-71.972664,-8.590536,25.05643,-79.68403,-3.3165917,-21.928328,-71.114685,-8.628868,24.36024,-77.633675,-3.251854,-22.608778,0.49542826,-6.378241,12.018744,-0.49542826,6.3782306,-12.018744,17.421398,-27.017387,-4.7142215,21.268623,16.807804,-33.84921,32.012306,4.2578726,12.936383,34.14488,15.937157,15.38833,31.956535,11.041758,14.989662,33.345676,17.782368,20.668476,45.506393,8.496593,12.111597,47.306297,12.918188,18.341354
205,-44.26159,-17.30257,-11.44308,-46.889107,-17.503479,-8.527469,-46.929356,-17.52147,-8.522213,-47.001926,-17.512056,-8.520421,-47.284313,-15.879286,-15.455898,-47.57672,-14.861965,-15.44652,-47.918747,-13.803177,-15.427014,-47.731205,-11.775104,12.01192,-48.814396,-7.0202627,-20.556778,-42.199944,-14.49906,-3.0960991,-42.59139,-12.763932,-12.632155,-37.45337,-2.4433296,29.501421,-42.368706,7.7759266,-21.233921,-52.23098,-10.737211,51.998966,-65.24372,4.6389637,-26.643013,-58.914715,-5.0505414,62.389027,-60.34017,2.3692544,18.711966,-61.705296,-2.2757123,61.004036,-61.311573,3.0745127,20.558924,-60.04845,-0.7880046,63.13217,-56.660046,1.4232755,23.723871,-58.79721,-0.7352353,61.979885,-55.902924,1.2627378,20.7033,0.585646,-4.9741793,18.609783,-0.585646,4.9741793,-18.609783,29.64593,-7.544992,6.6399617,29.307226,-1.6859499,-21.247679,59.27621,1.1642408,-1.927138,60.506123,4.1334248,-27.699556,64.82221,6.641053,-3.6085303,66.07345,10.751914,-29.108837,70.497665,-17.676357,-16.71055,71.90649,-15.524517,-46.63581
207,-49.569416,-15.648906,-5.3419657,-51.319897,-13.935492,-3.6384966,-51.167633,-13.980147,-3.6566534,-51.00619,-13.999981,-3.6745775,-51.867752,-12.795239,-8.427766,-52.07711,-12.0069,-8.43511,-52.26873,-11.138193,-8.428596,-49.691803,-10.118626,9.652376,-51.215572,-5.4561505,-12.900525,-47.289448,-15.674,-0.500435,-47.837456,-14.691962,-7.0275173,-37.122135,-8.665642,26.882421,-42.690502,3.193659,-18.87044,-39.55963,-33.210083,53.773235,-48.37021,-27.0338,-15.634131,-47.777313,-14.527641,76.675674,-55.351395,-7.9374857,35.615665,-49.889816,-9.025535,78.28378,-56.810886,-2.5225968,37.75626,-49.29708,-6.856616,82.112526,-54.93575,-0.7942723,36.00956,-47.986275,-9.259689,77.7038,-53.897507,-1.7264917,35.25744,-0.0018977085,-3.262996,20.191507,0.0018977085,3.2629852,-20.191507,6.0992785,-47.586468,21.336357,6.4363875,-52.631664,-23.870432,35.264164,-45.587845,21.770447,39.54252,-46.93773,-17.138937,37.43099,-35.353535,21.483421,42.560505,-36.80419,-15.45815,45.91414,-58.018597,19.796661,51.070393,-61.641045,-13.964823
210,-45.10831,-13.976733,-20.704035,-47.232334,-15.973449,-16.241652,-47.268032,-16.411213,-16.248487,-47.334805,-16.827688,-16.246582,-47.777267,-14.051199,-22.97309,-48.157974,-13.114526,-22.975536,-48.585476,-12.10527,-22.98414,-47.677006,-14.542274,10.245844,-49.851303,-7.0086226,-20.419231,-43.69404,-12.89973,-10.074173,-44.280632,-10.531774,-19.064512,-37.969673,-15.883019,25.845966,-42.029114,15.443592,-28.322023,-36.670616,-40.34794,4.1809072,-40.723923,-2.3471022,-61.34249,-51.637257,-19.625458,-31.281086,-52.886944,-4.9757996,-61.977333,-55.22978,-15.259501,-39.13752,-55.68339,-2.6441774,-66.965225,-55.23069,-13.556372,-32.681053,-55.05759,0.30408522,-67.239944,-54.02919,-14.13805,-30.400837,-53.915173,-1.6351846,-62.214607,0.072720796,-9.585359,19.01502,-0.072713494,9.585359,-19.01502,26.81149,-8.871308,14.492814,29.288,10.10887,-30.398018,53.908764,-6.9385233,24.771742,58.633423,4.0554533,-28.137413,59.502388,-3.1148949,24.610373,63.40028,7.4829764,-29.597897,61.04271,-24.054737,2.0938365,64.37411,-14.994753,-59.942978
212,50.014038,-7.46452,-13.762493,52.50047,-5.039661,-16.603704,52.616047,-4.0797195,-16.600819,52.75008,-3.0476587,-16.608784,52.368313,-6.6789627,-10.99404,52.38885,-6.850525,-11.002689,52.402718,-7.01306,-11.005381,52.146225,2.363186,-17.538652,51.56783,-2.8772416,7.719092,47.487087,-4.91281,-13.676553,47.347412,-7.26743,-6.446328,42.03028,9.8559,-27.760332,37.637222,-2.569663,22.875465,39.387318,-26.417574,-24.164658,34.54757,-32.308723,-5.9560657,42.25697,-20.986656,24.237251,42.58934,-16.46965,-51.622044,44.52704,-17.132273,25.692812,45.006504,-11.400786,-58.853798,43.576313,-13.618501,24.64423,45.099213,-8.879477,-54.249043,43.089493,-13.9686365,24.979187,44.03844,-9.74731,-51.824635,-0.08502907,5.6429687,-17.482704,0.08502907,-5.6429515,17.482704,-26.457,-20.544342,-38.00211,-22.386446,-34.0278,8.575342,-47.642166,5.881078,-6.3523254,-42.960922,-1.7714533,32.318123,-46.46253,12.281939,-3.032967,-43.116127,6.3514986,34.55735,-63.935436,10.887808,-9.560772,-56.74436,1.1971437,29.623005
251,-44.216503,-20.463245,4.6918826,-46.97153,-20.45749,6.4132056,-47.170753,-20.116264,6.4071646,-47.442253,-19.73006,6.390891,-47.72049,-19.7185,-0.8238112,-48.66237,-18.708765,-0.81216425,-49.52632,-17.5763,-0.80479217,-48.343506,-13.301566,21.983704,-50.58424,-10.750194,-11.459399,-42.445892,-17.25672,10.92171,-43.39686,-16.355942,1.2884221,-37.047844,-5.2084026,40.488365,-42.94906,5.910953,-18.632387,-38.882202,-26.967695,75.0245,-53.48708,-26.422134,-19.557604,-46.82442,-12.056908,97.493515,-54.305817,-5.709598,34.238503,-48.031124,-7.563786,98.09086,-55.79157,-0.36954948,36.65783,-47.540264,-6.5211163,102.533066,-53.763493,0.7342173,35.655315,-47.566525,-7.6215067,98.3734,-53.170048,-1.2207348,34.275517,0.0068064723,-2.9933746,23.423376,-0.0067957197,2.9933853,-23.423376,23.948912,-39.42801,15.464015,24.950193,-40.062885,-25.122238,40.5298,4.8240466,19.681501,44.272995,8.518639,-19.263529,38.21249,12.692123,20.198757,42.122234,15.863188,-17.754297,54.09477,10.448268,16.893581,58.79403,13.348815,-18.47253
260,45.711456,-36.540154,126.31357,47.789566,-36.15271,126.080444,48.087357,-35.18817,126.06192,48.60756,-33.89231,126.03204,47.010727,-37.607063,136.6119,46.711315,-37.700623,136.67703,46.28052,-37.752316,136.70375,48.851048,-27.051624,120.08472,44.04566,-17.234453,169.1169,44.774403,-30.454645,123.37822,43.50716,-32.337738,137.54608,46.717697,5.0822287,76.71388,26.903603,6.1334357,172.6345,45.816647,-3.774903,16.172783,6.78117,-1.201486,148.44226,41.447754,-51.30096,-19.59668,-6.6543555,-0.7571839,104.56672,39.58966,-62.47852,-31.778872,-9.875616,1.7695841,99.201546,40.634895,-62.826675,-26.431868,-6.5811143,-1.4870756,97.70878,40.87872,-59.159245,-17.834204,-4.8836045,-3.7241464,101.780525,6.1362677,5.100745,-26.857624,-6.136252,-5.100745,26.857624,-23.258472,20.626205,-119.54528,-37.599407,-1.435914,-33.454227,-28.960598,72.527245,-185.99431,-74.84652,40.517914,-107.361496,-33.67945,76.07916,-192.93044,-81.41692,52.75167,-117.44417,-35.658924,93.42612,-215.81311,-83.97801,34.240265,-142.89963
276,39.32673,-39.562134,5.5015397,41.850834,-40.354874,0.5396267,42.197983,-39.47666,0.5175866,42.56709,-38.68213,0.5077477,41.65298,-41.000805,8.079585,41.737774,-40.76498,8.090777,41.827393,-40.46647,8.057099,43.95452,-31.960213,-10.992808,42.19049,-34.846,23.15686,39.308323,-34.01319,2.2744582,38.425423,-34.12538,12.160774,41.59169,-5.9189186,-31.431019,31.917625,-25.646587,44.666233,24.801702,-3.8424366,-50.059364,14.497378,-32.9435,58.387627,7.6254883,-34.214195,-60.64485,2.7505968,-55.657364,41.434856,4.17467,-39.921616,-67.66248,-0.62285364,-64.25152,39.990883,4.869708,-43.282776,-66.80419,0.65183735,-67.86799,32.10846,6.0925035,-41.427265,-59.66855,1.5487034,-62.80438,37.07276,0.9693677,6.608689,-23.69749,-0.9693677,-6.60871,23.69749,-30.290794,4.153853,-42.86374,-29.854855,-13.521854,19.796848,-60.98203,28.086699,-54.947384,-58.93619,-2.8014135,20.521477,-64.474,33.748253,-56.995647,-64.028854,4.477603,19.591335,-71.03662,10.773902,-78.0991,-65.673096,-18.421286,6.426186
281,47.082035,-21.866549,-6.8988347,50.688522,-21.044441,-8.92966,51.028454,-20.27792,-8.920578,51.3877,-19.4258,-8.922164,50.158875,-22.316568,-3.2474816,50.11875,-22.498333,-3.247665,50.088398,-22.680355,-3.2629657,51.58478,-14.348374,-10.399618,49.06905,-20.464651,16.101362,45.2444,-19.057987,-7.0148544,44.43586,-20.73496,0.5812974,44.655396,1.8915216,-19.143541,33.581318,-18.595312,34.424053,53.88778,-24.978819,-34.130512,32.734875,-43.26354,45.872894,65.60487,-30.836046,-21.636967,51.459187,-45.419357,45.553654,69.099144,-31.809494,-24.304754,55.723866,-44.56161,43.057163,67.45429,-28.14182,-23.69695,56.5849,-43.180923,46.863403,65.47334,-29.996338,-21.394663,55.707924,-42.736115,45.74005,2.827637,6.039274,-16.603336,-2.827642,-6.039274,16.603336,-8.766489,-11.070941,-55.42574,-27.949705,-30.530163,3.2474742,-27.978178,22.370428,-32.70096,-39.666054,18.398893,5.666207,-26.663416,30.28093,-30.004847,-38.256622,24.649323,5.7220182,-42.193626,28.275648,-36.224384,-52.936543,23.97332,-0.73730475
288,46.657936,-20.361034,11.534746,49.607132,-19.227991,5.699217,49.985977,-18.37668,5.6824317,50.399815,-17.45317,5.673183,49.37178,-19.892385,15.552873,49.553524,-19.544706,15.554648,49.790356,-19.104465,15.549437,51.382343,-10.615487,-10.347777,50.645138,-12.088764,34.292313,45.117798,-16.59976,6.48048,44.764824,-17.624783,19.346739,42.151768,1.8900499,-39.26089,37.843933,-2.7193015,60.69308,24.379593,-19.157316,-61.46779,19.893175,-20.981342,71.03129,25.322643,-50.676273,-54.50136,22.79526,-49.19306,46.068714,26.032492,-55.871655,-61.72189,24.173033,-54.024773,45.954487,28.153372,-55.543995,-56.83332,26.361443,-53.92896,38.540073,27.958786,-53.590195,-51.898376,26.066763,-51.927067,41.786842,0.34225827,0.81221527,-31.80196,-0.34225827,-0.81221527,31.80196,-26.99117,-18.442368,-41.130726,-25.89657,-15.694982,31.813562,-53.84311,6.9212117,-20.022484,-51.821213,5.9765573,51.26527,-54.3025,14.416623,-17.212841,-53.166473,12.755775,52.66255,-70.50217,3.0106235,-24.9598,-66.11548,2.5223463,41.580677
306,-32.492836,-47.9747,16.021152,-33.187332,-52.636303,19.714031,-33.033604,-52.86364,19.706924,-32.842007,-52.981983,19.690258,-34.25922,-51.33224,15.749145,-34.846954,-50.739525,15.743149,-35.450096,-50.014114,15.731187,-33.170727,-50.09002,36.818527,-36.681362,-45.03074,19.177517,-31.611225,-45.73824,22.097385,-32.747128,-43.659706,16.934685,-20.790968,-36.92786,46.495476,-33.85595,-21.499142,7.891614,-14.492451,-54.267548,48.70865,-31.55284,-19.44122,2.4882412,-29.535553,-56.61065,43.19661,-39.130833,-45.82428,25.684967,-33.898254,-59.542404,39.74984,-42.1599,-51.384754,25.436909,-34.347717,-57.619865,44.94251,-42.121376,-50.30759,24.658453,-33.103325,-55.700928,44.22577,-40.583805,-48.36756,25.660885,3.4228776,-6.2461743,16.272327,-3.4228823,6.2461743,-16.272327,21.852638,-44.238983,1.4839375,11.545446,-27.019135,-37.854675,35.60713,-0.92890745,-4.8872414,29.59868,13.680941,-38.62304,34.120087,7.731293,-5.714618,29.161354,19.306602,-37.417236,47.13993,10.007148,-17.837723,44.441353,17.70605,-45.43361
315,-26.417519,-22.79945,41.44739,-27.766409,-23.120602,36.307026,-28.055971,-22.013933,36.281075,-28.333813,-20.891241,36.232533,-27.020359,-27.928389,40.730618,-26.777155,-30.164375,40.774174,-26.502666,-32.45431,40.736485,-28.130337,-22.31007,18.69397,-25.118048,-38.71218,38.80616,-26.01382,-20.884724,35.903053,-25.246243,-25.863361,41.617443,-26.117939,-15.843039,-6.0185103,-19.328564,-49.994736,45.608994,-28.308243,11.373112,-15.602899,-18.571157,-35.903866,33.99366,-26.463804,39.543594,-7.3661065,-16.489672,-9.852925,10.106524,-26.31109,50.75492,-14.048095,-16.28703,-4.734787,6.9487176,-27.422281,47.16253,-7.92502,-17.204754,-0.6836037,4.657506,-26.712387,42.872055,-5.0059905,-17.317993,-0.93430334,8.207217,-1.7650886,5.0756936,-20.05198,1.7650979,-5.075675,20.05198,-36.31454,-17.712088,-29.344236,-32.196236,-29.78771,-3.2580175,-60.455418,10.736957,-38.960667,-60.922813,-3.1489122,-28.30234,-60.628025,17.663015,-39.23704,-62.557995,6.867128,-31.036291,-75.29595,7.850689,-51.881798,-75.162125,-15.036106,-46.571144
331,36.35328,-49.752636,155.27097,40.158634,-50.031788,155.49194,41.030533,-49.204765,155.52332,41.884098,-48.283455,155.54927,38.439297,-50.60021,164.12558,38.104103,-50.268192,164.12024,37.788654,-49.92842,164.1093,43.67009,-41.292034,150.3403,38.50872,-43.16079,189.50208,36.03338,-43.611282,151.99425,33.97141,-44.24328,163.3577,47.134674,-11.55941,101.03543,24.823362,-23.398243,193.4967,42.00035,-29.81185,37.09545,7.6074896,-41.842804,215.67688,41.782635,-73.23641,8.749903,15.241161,-82.18526,225.23468,46.577187,-71.92496,-1.2622902,17.074846,-89.393394,227.4523,44.013947,-81.09206,1.3997767,19.654236,-92.06676,227.44858,43.291794,-81.052536,8.74835,19.450317,-89.5396,224.7159,6.3841114,4.5653105,-35.024475,-6.3841114,-4.565265,35.024475,-14.468365,-56.25118,-92.60323,-38.431152,-57.359802,-19.012604,-34.24151,19.187138,-163.41208,-52.54488,13.111854,-101.03014,-32.510693,32.004864,-172.61926,-50.2436,25.879986,-112.544586,-48.10422,38.934074,-190.62276,-64.873795,29.271694,-133.27916
351,46.197273,-7.693775,18.200237,48.72139,-6.0999384,13.4977865,48.856716,-5.535898,13.49167,49.003296,-4.958537,13.470896,48.68536,-6.216627,20.183512,48.783504,-5.7358003,20.19183,48.904026,-5.23065,20.192053,48.520813,0.3459037,2.2102203,48.572067,-0.32198924,31.9325,44.045673,-5.2388864,14.723089,44.094803,-5.5526934,23.308374,39.4268,11.931837,-16.011099,37.549305,9.855275,48.79662,20.996082,7.977084,-8.957835,18.485842,3.3589025,44.635292,27.794397,-7.8310685,28.346003,12.7033825,-8.710029,15.803332,29.08774,-10.597499,29.254135,11.473326,-10.86469,13.990688,30.499458,-9.1235075,30.786396,12.7046,-11.0630665,10.404557,29.964659,-8.12004,30.507278,13.236402,-9.5735,13.394216,-0.2512266,-1.6255336,-20.352757,0.2512266,1.6255336,20.352757,-27.336332,-30.027506,-24.093468,-23.378096,-17.379313,19.7513,-48.40051,15.340061,-26.203112,-48.115704,-0.138801,23.703587,-49.24789,26.041704,-25.910082,-50.841278,7.047717,23.163021,-62.8461,16.398981,-29.41628,-58.135616,-6.8959484,17.026243
378,36.23635,-44.022804,25.547626,39.48426,-44.286476,24.397316,40.11282,-43.310375,24.377813,40.770306,-42.369286,24.368673,38.361145,-45.822124,31.11604,38.21892,-46.031525,31.141788,38.09065,-46.214096,31.134964,42.547344,-36.550987,26.667896,39.080055,-41.943024,57.201515,35.97532,-38.71344,26.553926,34.699497,-41.243515,35.38646,40.065556,-16.333069,7.2417684,26.662285,-27.796247,68.812,28.040546,2.169768,-19.61959,9.326657,-15.634054,79.107994,10.901821,15.214342,-48.90206,-6.0259385,-10.096634,70.567215,7.477458,20.762123,-55.019558,-10.194631,-7.536814,67.74622,6.668642,18.364765,-56.50035,-10.267086,-8.377496,62.685837,7.4072876,15.684363,-49.32525,-8.492986,-8.938499,67.44035,3.3558807,6.21862,-17.562794,-3.3558807,-6.2186317,17.562794,-30.884794,22.200249,-49.06992,-36.884396,7.363011,-21.245739,-64.66639,51.21251,-81.08485,-75.455574,30.454456,-54.980366,-68.429276,62.73402,-84.14812,-79.4042,38.050037,-59.28366,-81.99221,46.475082,-104.838005,-86.385185,18.532673,-78.32948
381,-11.342312,-46.141384,242.46538,-10.3769455,-45.590305,253.63815,-9.465025,-45.549538,253.77429,-8.520541,-45.245697,253.70279,-12.739801,-44.33358,250.1798,-13.441057,-43.389,250.11131,-14.117267,-42.44708,250.17926,-6.9192924,-40.993736,262.18176,-13.9990015,-37.408295,247.0411,-9.239192,-44.249924,241.9055,-11.841898,-42.76066,236.81583,8.517054,-30.666553,229.2681,-24.088533,-18.964674,196.10555,26.090187,-45.67537,227.79718,-39.74898,-37.683617,146.81873,33.936165,-80.69651,242.86821,-41.59108,-65.70433,142.91425,36.77648,-92.47825,243.79384,-42.47813,-75.67339,137.68806,34.459404,-92.803986,244.6062,-39.728374,-76.563866,147.03856,33.09041,-89.57695,241.02571,-38.836975,-73.36122,144.75641,9.62933,-4.3243365,13.097568,-9.629316,4.3243365,-13.097568,29.44505,13.993439,-125.79166,-13.194039,37.458363,-149.92245,53.429085,64.74899,-232.53542,-10.562217,79.355896,-246.63217,54.208977,84.03207,-247.5549,-5.0686307,96.20814,-259.82898,67.466255,63.913006,-295.833,-17.084438,95.576324,-310.9963
386,26.931364,-51.224358,130.92328,29.934952,-50.823338,134.64526,30.960712,-49.96212,134.68015,31.801706,-49.01459,134.64848,27.471977,-51.97006,141.475,26.82138,-51.80784,141.48817,26.117695,-51.72562,141.45428,34.086033,-41.403854,138.75548,25.868612,-47.608097,171.13364,27.661404,-45.748585,129.48376,24.774607,-47.141506,138.87747,42.85159,-14.9388,107.195076,20.254042,-26.553226,164.1605,44.72364,-17.828733,89.22197,4.745316,-41.23189,194.1932,34.05559,-44.264534,130.52695,21.735931,-50.711685,242.36629,33.174664,-49.335434,132.86984,25.981256,-52.755047,245.10756,33.25484,-48.82789,133.6691,26.302517,-53.129692,252.83534,32.77384,-47.056927,131.46614,24.853315,-51.450558,244.53249,8.993361,1.7839787,-20.427258,-8.993361,-1.7839985,20.427258,-23.23709,-47.192886,-91.42678,-41.929245,-42.98096,-35.429195,-45.35604,31.990757,-182.76137,-79.51926,22.592188,-128.0838,-59.72011,52.5886,-190.13876,-85.00708,47.73981,-138.43767,-64.69176,39.61668,-203.99869,-97.181305,23.575298,-161.3909
404,39.22606,11.781807,47.701626,39.569798,13.9699545,50.834423,39.607513,15.447638,50.832603,39.633907,16.913357,50.811726,39.08026,9.738201,53.906708,38.81316,8.42707,53.908367,38.593067,7.0753455,53.888203,37.736523,19.816572,61.627697,36.907215,5.6030564,76.46182,37.56134,14.651012,51.04261,36.87582,9.607544,55.21621,29.85999,32.271538,44.85833,25.674938,-2.2969718,73.43566,28.856903,21.226805,24.611067,20.986134,-22.250683,46.432262,35.622345,0.32281095,25.466478,35.461483,-4.0153365,10.88079,37.086052,-1.9906139,23.280933,37.42032,1.9575715,0.7060143,37.598488,-0.7186747,22.69384,37.667572,3.3836133,6.517467,36.897892,0.045664188,25.403564,36.715107,1.1365088,11.235546,-0.82343084,12.999614,-10.419002,0.82343084,-12.999614,10.419002,-25.732035,4.9940724,-53.6927,-24.805286,-30.19635,-31.410557,-61.52131,2.2367268,-84.49521,-62.67568,-49.528545,-61.248215,-67.19612,2.7845483,-87.82303,-68.75047,-48.95519,-65.36084,-69.46611,-13.221635,-114.29149,-67.97289,-73.346344,-90.9776
426,45.564236,-23.539549,70.2931,46.656425,-18.210407,75.35269,46.37149,-16.966087,75.3734,46.070866,-15.787014,75.36359,47.127495,-20.237001,77.4984,47.145893,-20.348837,77.48185,47.152077,-20.501392,77.49552,44.00273,-12.2234335,91.53411,45.148083,-17.558418,100.79278,42.443172,-22.224512,75.2409,43.01905,-24.689247,77.86796,31.045473,-12.779023,58.919834,30.785599,-36.636295,117.03882,13.409337,-24.22004,38.571644,34.99713,-58.355705,101.43577,1.8836628,-49.225147,41.38933,39.80861,-83.67205,80.18061,-5.025754,-52.2343,33.862797,40.839672,-90.64197,74.87763,-5.0614514,-54.403965,35.907738,41.47394,-90.99401,74.3625,-3.0689738,-53.529633,42.16863,41.036167,-87.51757,78.2628,4.00138,7.159189,-19.245182,-4.00138,-7.1591606,19.245182,-9.282662,-7.4669523,-68.480515,-35.731403,-10.543546,-62.061996,-44.75044,-26.071983,-109.827866,-75.81187,-9.830209,-119.00864,-50.607513,-26.207748,-113.8938,-78.65166,-8.351555,-126.2581,-54.39499,-44.15887,-140.57686,-83.895096,-36.000706,-160.77591
445,19.085135,-46.84783,57.613148,20.367172,-49.301937,62.14994,21.833174,-48.247326,62.155457,23.064934,-47.153397,62.122665,18.74033,-49.429504,64.19249,17.896069,-49.88312,64.20254,17.064045,-50.323868,64.19552,24.539343,-44.039146,77.80007,15.760298,-48.442955,87.797745,18.970211,-42.573597,62.59544,16.7427,-44.146545,65.34288,28.872322,-26.11644,60.007305,5.018652,-35.134632,85.64545,31.83022,-10.03583,19.52669,-11.164142,-20.555052,50.170685,21.060219,-35.638824,0.41253558,3.124787,-37.017025,5.9635715,18.743492,-41.565777,-4.800959,4.2142086,-38.371613,-3.6930237,17.644707,-44.219597,0.08555429,6.4532585,-40.98456,3.1439564,19.945375,-42.12968,1.9853083,6.5091014,-39.417248,6.933436,8.040966,4.5228744,-13.207133,-8.040966,-4.5228667,13.207133,-13.024741,22.69229,-71.214806,-31.049183,12.207131,-50.790565,-25.256304,84.92506,-107.98634,-41.259254,73.5792,-75.38674,-24.979301,96.82992,-111.00261,-41.06726,86.97368,-78.222755,-36.839855,90.63094,-135.87703,-54.085903,76.11136,-102.7025
452,50.96795,-7.616565,-9.004765,53.374733,-4.9896493,-12.485125,53.503124,-3.897996,-12.486769,53.613834,-2.7948978,-12.49619,53.15717,-6.786301,-5.76229,53.137844,-6.9930925,-5.7752233,53.12329,-7.1875653,-5.7739773,52.772785,2.563702,-15.951005,52.12928,-3.1435173,14.177346,48.417683,-4.4925714,-9.655944,48.46701,-6.923601,-0.9988467,42.131485,11.294491,-29.606464,37.45202,-3.1418343,33.27354,34.962605,-14.816888,-33.764336,26.845158,-26.97756,3.8013701,39.273323,-15.649627,-0.7424241,37.49081,-15.671574,-48.236588,42.273163,-11.889941,-0.9596318,39.920025,-11.977643,-55.53996,41.327293,-9.834189,-1.4681807,40.995605,-8.892408,-51.64605,40.829926,-10.103539,0.118870825,39.984398,-9.543028,-48.73683,-0.0599658,4.929566,-20.919561,0.0599658,-4.9295826,20.919561,-27.1191,-16.891994,-33.46853,-24.192413,-24.865376,14.063157,-48.82659,6.4245872,-4.8858256,-45.355427,2.4375434,39.241077,-48.988472,12.642972,-2.0774608,-46.402256,9.711481,41.31832,-63.173515,10.589795,-11.704019,-57.237617,0.75027096,33.965706
467,25.844435,-53.368443,146.512,27.847841,-53.55378,149.82358,28.485933,-52.682125,149.85594,29.09478,-51.722694,149.82301,25.962517,-54.741108,155.337,25.365728,-54.701912,155.33304,24.465065,-54.523026,155.2804,31.01928,-43.628994,151.11005,23.935966,-49.876934,177.3119,26.425135,-47.784782,144.22334,23.660479,-49.38069,151.73033,39.385464,-16.765173,109.91304,13.578303,-31.135841,167.07375,36.91488,-18.34019,78.573135,7.661631,-36.08634,182.44127,31.14515,-51.40277,90.7233,19.710598,-60.803585,208.71205,29.697063,-57.312393,90.32608,23.245943,-64.6907,208.46523,29.518366,-54.05671,91.50331,23.578695,-64.140305,214.5437,28.892496,-52.470787,91.504745,22.76128,-62.368584,209.80122,10.164121,2.365148,-22.620567,-10.164103,-2.365148,22.620567,-15.721653,-39.311363,-97.086426,-42.608562,-29.041729,-49.030464,-43.03291,33.36004,-193.89037,-77.91176,28.02392,-144.16728,-51.234055,52.445923,-202.13092,-80.35967,49.22431,-154.92653,-64.93383,33.601425,-218.82336,-96.57147,25.960556,-182.55803
490,-51.63197,-10.915878,-7.8590393,-54.41405,-9.671202,-5.253243,-54.440613,-9.652915,-5.265192,-54.48631,-9.558653,-5.2872634,-54.47291,-8.001186,-12.872018,-54.5228,-6.4914756,-12.8639965,-54.58139,-4.748165,-12.869255,-54.021816,-3.960863,13.156112,-53.989113,1.9419858,-20.888016,-48.9367,-10.111623,-0.051302515,-48.841652,-7.8491898,-9.920636,-38.26112,-4.5798497,40.75056,-41.6909,7.350042,-41.534363,-29.838625,-33.728073,59.810154,-30.797253,-27.053541,-56.628395,-26.043774,-65.09169,51.406734,-26.512197,-63.672424,-44.94444,-25.205523,-74.95759,52.361423,-24.923038,-73.44234,-49.97757,-26.788605,-75.81657,45.819843,-27.590021,-74.97938,-45.439995,-27.098843,-72.47565,48.004276,-28.047297,-71.95041,-42.56934,-0.19070017,-4.4172716,24.6013,0.19070017,4.417284,-24.6013,21.911633,-35.951668,21.960464,22.432127,-34.00639,-31.58431,42.51755,4.0682254,47.146713,45.427814,6.300665,-6.1966085,39.8055,10.948404,49.5058,42.865704,14.449042,-2.897575,55.63096,9.335513,45.835197,60.81031,15.511741,-2.903516
497,38.837914,-35.725815,80.96389,41.863586,-34.44277,81.83542,42.443783,-33.4872,81.87547,43.10419,-32.498928,81.86485,40.89945,-35.86512,87.51718,40.721054,-35.9013,87.51374,40.544163,-35.96403,87.487785,44.898155,-26.326382,84.85792,40.380875,-32.118504,110.62605,37.82987,-32.115414,80.930595,36.596046,-33.876755,88.421364,43.858093,-11.31206,67.99356,26.109394,-27.476484,113.61375,51.23642,-46.35219,64.61584,30.375805,-54.057693,136.0087,54.660107,-32.579094,101.35189,40.845676,-36.30866,165.06454,56.283504,-29.366203,103.44455,42.542576,-30.824163,164.85596,52.11971,-26.894945,102.199,42.5465,-29.52969,173.65254,51.571434,-26.724344,101.24062,42.14398,-31.138754,167.85283,6.8111906,5.5862603,-17.900095,-6.8111906,-5.5862603,17.900095,-19.829521,-23.719545,-77.57676,-44.932125,-31.703876,8.403974,-39.475105,30.705366,-125.77741,-47.34231,22.446688,-0.15941529,-37.77028,35.684902,-130.21501,-42.74686,30.57358,-1.548975,-56.69687,33.40586,-151.62897,-59.492416,33.407,-9.638269
506,-45.003246,-28.078424,28.635416,-45.96188,-28.534597,33.334934,-45.742382,-28.935268,33.331287,-45.541336,-29.383682,33.31689,-46.671555,-25.889366,26.98513,-46.95818,-24.280182,26.989994,-47.299435,-22.605116,26.990944,-44.476692,-25.370539,52.636753,-48.092167,-15.155542,23.483149,-42.520405,-27.32721,35.80135,-43.501537,-24.11107,27.105999,-32.99591,-24.862926,64.711494,-42.664864,-1.1264343,8.608987,-44.186954,-47.05168,91.519356,-59.678734,-12.442963,-0.8694424,-62.799793,-50.27445,100.6852,-75.84943,-30.746904,28.929016,-67.762825,-51.621674,101.2694,-79.32616,-35.29585,29.170084,-68.55537,-49.547092,103.40981,-79.65389,-36.256687,30.131945,-66.84615,-47.756992,100.66376,-78.14493,-35.355045,29.818558,2.3284736,-6.4157686,21.167534,-2.3284736,6.415756,-21.167534,29.614035,-31.359858,4.302041,25.904346,-22.327753,-56.274162,43.9133,10.490483,-5.9855447,42.320457,27.953962,-65.92643,42.12997,18.33508,-7.6295786,41.922863,34.351135,-66.5901,59.065628,26.48523,-15.8933525,59.246105,41.199528,-75.410446
511,-48.951447,-22.766127,3.1865675,-50.77824,-23.408499,8.084525,-50.51499,-24.34901,8.100624,-50.26939,-25.22369,8.084954,-51.66359,-19.48809,3.08544,-51.985886,-17.656254,3.0916567,-52.28054,-15.806309,3.1050167,-49.176285,-23.752293,34.776535,-51.921402,-10.358941,11.210101,-45.92469,-23.832745,13.1892605,-46.686195,-19.164856,6.2154956,-33.557037,-24.97608,51.619106,-45.10894,10.427477,8.085534,-28.512362,-53.70636,65.547874,-58.467506,12.877904,1.9822446,-42.611923,-36.061375,70.2822,-61.3689,-10.964077,59.47217,-45.442448,-30.508652,68.742615,-61.29694,-15.063697,62.789333,-45.76515,-28.475779,75.13908,-59.796303,-13.562946,66.8967,-44.909016,-29.296917,72.494,-59.24204,-11.975374,61.477398,2.0812294,-10.389046,18.445974,-2.0812235,10.389057,-18.445974,30.836773,-40.613132,-4.5227895,27.050867,-15.865986,-42.796635,57.113678,-5.566841,-10.332941,55.42705,25.805954,-53.569473,57.923466,3.5745184,-10.90776,55.615963,36.722965,-53.875046,73.694695,-4.083098,-22.168688,74.73368,29.299604,-64.56287
520,30.533562,-44.674473,66.81679,32.48686,-44.223606,65.1316,33.37478,-43.199894,65.15063,34.252895,-42.303234,65.11633,30.706343,-46.220325,70.848434,30.337503,-46.453167,70.88229,30.053898,-46.67818,70.863045,36.638596,-36.668076,60.04675,32.73631,-38.152004,87.05165,32.029636,-39.55561,64.2211,29.879341,-41.525047,72.03194,41.22281,-11.70769,40.403755,26.96146,-30.136145,85.93398,31.673388,-34.182766,40.589806,16.121937,-37.777596,80.29849,29.604939,-41.2722,74.92937,28.965347,-38.999092,59.540565,31.154034,-43.29614,77.523834,33.21919,-37.64478,54.39393,31.733543,-38.524582,76.478264,33.457672,-36.15545,58.98967,31.098621,-37.66265,75.751656,32.423294,-35.93474,60.024887,6.4280005,7.8515143,-16.390308,-6.4280005,-7.8515253,16.390308,-18.324123,-17.57188,-58.905937,-37.16077,-30.66611,-13.718462,-39.326828,53.11545,-77.428314,-55.31879,34.208416,-21.791018,-40.56453,59.73089,-78.463165,-52.221745,45.789043,-23.315155,-60.931282,69.56865,-91.71669,-69.60745,46.011433,-33.94296
548,-40.34498,20.330044,-31.993261,-42.86258,23.082659,-29.88499,-43.125305,22.872318,-29.90772,-43.356686,22.692057,-29.92728,-41.542385,26.065853,-35.969437,-41.13841,27.6299,-35.967205,-40.725403,29.235142,-35.979645,-41.536774,25.873426,-12.595928,-38.507526,34.778564,-39.07597,-38.325146,19.089928,-24.332848,-36.908333,23.180624,-31.95248,-34.76954,16.843609,8.228348,-23.201202,38.28709,-41.218464,-33.083614,-13.483495,-7.282257,-13.673962,2.747444,-37.448627,-28.095165,7.1990585,-44.545113,-27.103752,4.1531367,-11.969298,-26.117525,15.803687,-51.594604,-29.414862,3.081377,-13.464464,-27.646086,18.663414,-45.60475,-29.997503,8.508154,-14.361055,-28.154015,17.402126,-43.246037,-28.81992,7.935332,-11.247038,-3.3181403,-7.24657,16.419992,3.3181303,7.24657,-16.419992,5.7546406,-45.28662,-13.131317,16.94316,-38.628788,-31.925314,27.249968,-50.943214,30.097618,37.86833,-36.42562,18.169443,30.124119,-46.819645,34.260166,40.112053,-31.606016,23.444654,35.61482,-57.948673,25.04204,46.205257,-49.088978,14.554543
558,16.32331,-59.433193,-12.411252,18.393084,-61.630325,-14.248856,18.928352,-61.41406,-14.257542,19.548803,-61.099197,-14.275474,17.538994,-61.743206,-9.001255,17.469543,-61.742348,-8.99571,17.366816,-61.664547,-9.01082,22.316227,-57.581596,-14.58106,19.366255,-58.68295,9.355805,16.736164,-54.86018,-12.149605,15.517849,-55.014896,-5.1887965,25.68976,-29.464405,-22.166107,10.701799,-41.779217,23.396366,13.329439,-17.070171,-46.753086,-7.8686304,-29.90098,3.4703996,12.777461,-49.097534,-67.36066,-1.2096274,-56.60376,-40.437008,12.8254175,-55.96715,-74.77069,-2.1226897,-65.08797,-46.817093,14.627363,-56.284203,-71.87706,-2.8157237,-66.96921,-46.97913,14.4667225,-54.79431,-66.63289,-2.0178926,-64.136475,-42.0903,3.488563,5.9106836,-13.869519,-3.4885685,-5.9106836,13.869519,-14.588386,6.217688,-45.194187,-19.46981,-3.1644907,-18.994284,-27.342134,24.249208,-14.8681555,-29.972435,22.166954,2.0724447,-27.789703,29.213692,-11.606471,-29.69836,29.276985,4.431255,-36.144493,24.400146,-21.084782,-38.573414,28.409586,-8.6789255
560,-47.66276,-26.698866,-28.22693,-50.4875,-27.218517,-26.323875,-50.658142,-26.841331,-26.315647,-50.812035,-26.401728,-26.302317,-50.510937,-26.842684,-37.34532,-50.70783,-26.1767,-37.362675,-50.908703,-25.39507,-37.373344,-51.68265,-19.00991,-9.429609,-51.72506,-17.148546,-58.726,-45.447495,-22.262009,-20.18525,-45.47053,-21.636822,-34.47736,-41.605602,-6.55189,17.775791,-38.394157,6.7522407,-68.19199,-23.958525,-10.520688,12.399944,-14.181712,4.389303,-50.471443,-30.205208,-26.57873,-34.937992,-26.255238,-28.036806,4.7859592,-31.518936,-31.920963,-40.73104,-28.454203,-36.154823,7.940014,-35.56301,-31.545969,-40.769844,-30.874676,-34.342964,7.6807804,-35.091125,-29.348866,-36.98706,-30.536043,-31.551376,7.289298,-1.2041112,-2.6482518,27.68064,1.2041025,2.6482344,-27.68064,28.193933,-17.13441,45.437607,31.6946,-17.81275,-13.693893,55.580944,-6.003389,75.09693,61.638874,-4.8193617,6.8983355,60.042866,1.5737258,76.90934,67.32815,3.5572865,8.443838,61.1082,-26.14835,66.995224,68.755035,-26.245903,-6.0162716
568,48.667324,-16.993868,-1.0806189,51.045006,-16.029179,-4.293247,51.259865,-15.459278,-4.282269,51.528843,-14.855048,-4.2770047,50.925148,-16.706787,4.31952,50.98503,-16.643663,4.311246,51.087368,-16.583248,4.2929025,51.562847,-8.6051855,-12.892265,50.61226,-12.18848,26.427263,47.375763,-13.884364,-4.1884313,47.14044,-14.760073,7.1107635,43.86932,5.009599,-31.94572,35.693806,-13.358837,47.885715,49.22065,-20.32397,-54.036694,37.930126,-37.82877,75.10241,64.1248,-23.975159,-45.971066,53.548103,-37.587257,85.57411,69.342606,-25.206882,-52.202267,58.78166,-36.3463,86.31558,69.23705,-23.015377,-52.119022,60.66974,-31.73702,87.45055,67.37531,-22.764917,-45.981964,57.86389,-34.362255,85.01818,1.6361399,8.083894,-24.064907,-1.6361399,-8.083918,24.064907,-17.889713,-4.3780546,-90.62859,-20.409758,-32.5328,0.4744756,-39.197613,9.884893,-47.958584,-37.138348,2.3947196,39.45325,-39.067795,14.324129,-43.576817,-37.3355,9.139531,43.10293,-51.936836,9.357006,-59.85637,-50.28978,5.4895477,36.289616
569,46.635696,-18.999952,-10.364127,49.147953,-17.669626,-14.386924,49.30758,-16.779701,-14.392647,49.509476,-15.807237,-14.407022,49.057053,-18.706755,-7.067243,49.12426,-18.663752,-7.078456,49.23606,-18.557426,-7.091302,49.62278,-9.589678,-25.446281,49.0169,-13.371626,7.929153,44.82154,-15.75605,-13.8753195,44.789444,-17.315254,-4.237249,41.640835,4.5085406,-43.602364,38.184116,-9.797892,26.60932,55.849766,-15.992395,-69.23678,50.75382,-32.060493,43.194286,72.93096,-34.28973,-64.08649,66.576225,-46.88758,26.998976,77.34889,-39.31614,-71.01352,69.51082,-49.502327,24.215487,78.01379,-39.37271,-64.64415,70.468666,-48.3391,20.554539,76.446014,-38.465424,-61.717773,69.69348,-46.8628,23.723055,0.5589146,5.87237,-24.567686,-0.5589146,-5.872382,24.567686,-18.917526,-8.681213,-38.576633,-21.131205,-29.56607,21.65579,-34.28904,11.50755,0.79170567,-31.91964,-0.77921206,53.90978,-34.03272,17.689356,5.625309,-31.521812,7.2182837,56.91511,-47.79007,12.769657,10.9805565,-44.811108,5.82631,60.30499
573,46.846054,-16.991129,-13.078955,49.148212,-15.438135,-16.381557,49.236683,-14.557269,-16.385466,49.29298,-13.65109,-16.408611,49.168423,-16.721298,-9.337362,49.300632,-16.708296,-9.348733,49.42207,-16.624313,-9.35685,48.97388,-7.346471,-24.131601,48.652985,-11.181261,8.390777,44.74982,-13.713348,-15.325694,44.695103,-15.415361,-5.9527655,41.474068,6.47344,-38.55049,38.517334,-7.6466537,26.436111,58.553932,-5.2775536,-64.351204,55.34263,-22.122635,40.53665,75.97786,-20.028418,-55.942303,72.70073,-30.554173,25.607697,80.78149,-23.502409,-62.712025,76.814835,-30.581947,22.357756,81.49546,-22.720566,-55.438347,77.2672,-29.691887,20.312153,79.98222,-22.024948,-53.31262,75.842514,-29.206804,22.915077,0.47026667,6.4688616,-23.003036,-0.4702603,-6.4688616,23.003036,-19.392813,-10.148566,-42.112907,-20.951685,-29.596714,19.93053,-34.84544,11.605229,0.98112106,-32.474373,-0.5906337,48.841656,-34.161526,17.131659,6.150221,-31.887241,7.557788,51.701332,-48.180977,13.9946165,12.731926,-45.951748,6.7725973,55.79715
578,46.982,-5.917211,-3.9491777,49.439896,-3.9809546,-7.972925,49.58205,-2.9942937,-7.968762,49.70674,-2.00777,-7.9753785,49.341618,-5.4343624,-2.6944497,49.37968,-5.613544,-2.6888478,49.423065,-5.7840714,-2.7109714,49.284477,1.7621316,-13.941783,49.070965,-2.9438312,10.533836,45.094826,-3.4389696,-5.162746,44.890053,-5.4247084,1.8070334,41.479797,12.888667,-26.154411,38.08601,-4.5651107,31.58842,37.531654,2.5186188,-45.83456,32.417385,-20.969053,39.344475,48.500504,-1.1604915,-38.526672,43.337093,-12.688109,38.22249,51.72134,-1.4173222,-39.778908,46.194847,-10.256646,39.213806,51.30733,1.4189197,-36.5516,45.872883,-9.621117,41.844196,49.84965,1.1832384,-36.95682,44.917496,-9.485213,38.459663,0.06441839,5.226308,-24.040207,-0.06442329,-5.2263184,24.040207,-20.451664,-29.245714,-36.08818,-17.208149,-38.507427,20.741589,-36.027725,13.639371,-31.312874,-33.813313,-1.0900164,34.373566,-36.810368,25.259966,-30.353302,-36.363106,8.49816,35.272102,-51.544876,16.445261,-36.84288,-46.428947,-6.154078,33.54191
584,-49.67013,-29.339478,9.37862,-51.95787,-29.276535,14.7922535,-51.796513,-29.783176,14.803414,-51.64658,-30.273003,14.792553,-52.743877,-26.403198,8.939319,-53.153217,-24.689934,8.947026,-53.60403,-22.75737,8.95671,-50.95929,-25.879768,40.884167,-53.624523,-14.400453,14.100671,-46.656452,-29.471975,18.8206,-47.567596,-25.8475,10.929133,-32.532303,-26.816883,54.529613,-44.715046,6.011866,5.350906,-24.662588,-52.65876,44.194096,-55.880367,12.504892,-1.782681,-40.19156,-43.814598,16.505043,-61.158585,-14.550455,50.277157,-43.08607,-39.288174,10.220147,-61.447548,-20.313488,53.65693,-44.361492,-37.068687,17.791492,-60.206593,-19.260307,56.41401,-43.474586,-37.627934,18.209427,-59.354538,-16.942238,52.24033,2.8252237,-10.381409,21.339268,-2.8252237,10.381409,-21.339268,30.49709,-53.134735,2.9211712,19.44425,-29.498562,-54.085415,51.210533,-6.431514,-3.278244,44.82958,26.454643,-72.628716,48.819878,3.9714103,-3.8367636,43.049515,38.201107,-73.53267,66.713036,2.3434105,-15.780352,64.12223,37.16013,-85.06024
606,53.19183,-22.003593,-25.0173,55.89392,-19.557022,-31.331938,56.119583,-18.75851,-31.334232,56.385326,-17.858534,-31.327578,55.70953,-20.076294,-21.917591,55.774776,-19.758774,-21.915058,55.871574,-19.414286,-21.92624,55.958652,-11.217507,-46.082233,55.422245,-14.0772705,-4.6395135,51.1025,-18.613966,-29.562262,50.711285,-19.479195,-17.514952,42.23026,4.895294,-67.89058,37.648438,-9.299216,26.121544,19.27013,10.480207,-79.43199,16.708479,-9.786374,40.898087,0.036862567,-1.0213499,-80.59653,1.2351463,-21.769001,27.440647,-7.20597,-5.154672,-88.927666,-4.681917,-23.950562,28.747023,-6.7393584,-9.443082,-87.47969,-4.4700584,-25.511465,19.141449,-4.4513044,-8.944283,-79.514175,-2.7565627,-24.05406,22.828909,0.48095718,6.758719,-26.7623,-0.48094913,-6.7587347,26.7623,-30.813828,4.966549,-29.677095,-29.243093,-5.031571,27.349365,-62.889038,2.210527,-19.896118,-61.967026,-3.1013803,37.42495,-67.6467,8.238389,-20.338682,-65.69547,2.285818,37.117065,-72.866325,-15.134886,-45.980293,-70.51286,-20.552326,20.157906
637,-49.50226,-20.329445,-5.930312,-51.701088,-21.250135,-0.855019,-51.588177,-21.659071,-0.84637773,-51.501465,-21.996609,-0.85763866,-52.50253,-18.584204,-6.259101,-52.967007,-17.170492,-6.26355,-53.47178,-15.642071,-6.2449975,-51.219402,-18.508692,26.22343,-53.7595,-9.626113,-0.05258065,-47.02186,-18.766502,4.088084,-47.77583,-15.678604,-3.6164706,-35.84031,-20.38112,47.165455,-43.561535,10.61651,-2.0763745,-33.568607,-46.340157,68.019806,-64.17607,3.9485307,4.071945,-46.958595,-23.78869,84.45001,-61.297638,-2.4108577,67.56519,-50.365566,-19.97435,84.43621,-59.328384,-4.2749615,71.44398,-49.95435,-16.043232,89.075066,-57.49399,-2.243226,74.80153,-48.981697,-16.691387,85.80983,-57.223747,-1.8614829,69.492584,0.9983038,-10.445824,16.898441,-0.9983038,10.445824,-16.898441,32.21908,-14.146969,30.414394,33.554432,17.728598,-47.096478,61.78916,-17.343048,44.470715,70.37627,40.29019,-74.292946,66.578575,-9.186726,45.380196,75.99224,48.60929,-78.15775,71.24408,-36.18012,32.164425,84.07272,25.36469,-106.3399
644,-53.676445,-5.778554,8.422362,-55.028725,-1.1895454,12.107848,-54.991142,-0.8102786,12.088595,-54.919754,-0.42259312,12.074463,-54.765427,-0.52270615,3.4221704,-54.548515,0.34759703,3.4155958,-54.29146,1.254982,3.4061692,-52.820267,3.7851133,29.215034,-52.026928,5.2933617,-10.1038685,-51.722366,-5.99978,15.401091,-51.34791,-5.3057117,4.000085,-38.56255,4.3387184,51.58093,-41.184505,2.017987,-31.779745,-25.954863,-1.3677845,60.268013,-33.385628,-3.7244256,-43.73615,-29.60285,-3.120664,56.63643,-40.73523,-3.8294725,-16.429447,-30.810127,-3.5450764,59.18839,-43.297306,-3.7552629,-16.797365,-32.003498,-4.286326,58.746464,-43.471203,-2.6173236,-14.647177,-31.36549,-4.1701775,55.753338,-42.24143,-2.2268167,-14.49964,0.5161455,-6.0385575,25.212332,-0.5161455,6.0385423,-25.212332,30.663967,2.5577154,35.54654,27.433384,19.885345,-42.96173,57.55346,11.420129,50.96051,60.41939,35.44836,-44.099525,60.742195,16.839521,51.133583,64.130554,43.569244,-44.526436,66.20388,-3.9040215,35.833694,74.014915,36.14067,-64.86874
647,48.889732,-16.255083,-4.851634,51.998512,-13.003956,-8.129258,52.118565,-11.785509,-8.148013,52.218807,-10.472548,-8.172579,51.85793,-14.061342,-0.23387769,51.88673,-13.696879,-0.24510813,51.938904,-13.31764,-0.26458108,50.98706,-2.524812,-13.489183,50.75711,-7.4624577,21.950764,46.526527,-12.9670725,-6.142965,46.51292,-14.419161,4.174705,41.302685,11.619357,-30.426157,38.421543,-4.982485,42.193382,58.919567,20.785925,-81.9946,48.081566,-11.193727,103.657,80.31543,23.319878,-109.38823,58.53228,-14.808406,148.65845,85.787704,24.704348,-115.62195,60.608055,-15.031979,156.8727,86.30398,23.575932,-115.84225,61.22087,-13.449629,154.06143,84.613556,22.242529,-110.17416,60.378254,-12.663889,148.06259,0.5017031,6.609674,-21.71686,-0.5017031,-6.60969,21.71686,-27.05867,4.1900053,-40.695034,-27.341545,-3.8162253,0.68638337,-59.95446,6.534595,-50.709705,-58.031673,1.77722,-0.89895475,-65.109604,14.337967,-52.3027,-62.690468,8.965678,-2.8387403,-69.14282,-15.194079,-76.52269,-67.07144,-18.63755,-22.975159
661,-48.277126,-9.246636,-5.488286,-50.178684,-7.4643874,-1.7927233,-50.269814,-7.278122,-1.8182106,-50.385178,-7.1049347,-1.8291652,-50.213135,-6.2770615,-9.819046,-50.313232,-5.189548,-9.826773,-50.401337,-4.0346594,-9.838224,-49.575287,-1.8462539,17.641186,-49.515896,2.3821406,-19.147236,-46.22989,-8.112064,2.1053362,-46.162148,-6.612097,-8.550642,-39.472084,-7.9193764,34.356087,-40.462463,11.155121,-30.42461,-50.804855,-27.548498,51.49175,-53.64381,-8.094728,-42.901844,-63.92517,-7.4622936,43.280357,-66.705284,5.083986,-16.994453,-66.91303,0.27342644,39.832954,-69.34246,11.016323,-19.131977,-67.17493,2.5838788,43.209602,-69.28094,12.953997,-21.163467,-65.57497,-0.052186847,43.247395,-68.37042,11.414972,-17.499416,-0.2179391,-6.924473,25.53883,0.21792136,6.924473,-25.53883,15.621842,-45.673714,14.400904,19.045982,-33.067352,-42.591305,30.36854,-8.045345,28.686737,32.87033,12.126193,-18.193289,28.665361,1.9784513,30.051115,30.886858,23.653435,-15.114228,42.64095,-6.808796,28.398663,48.168068,23.57669,-17.292503
690,51.227123,-19.53659,9.664646,54.098747,-18.31581,4.593704,54.37514,-17.470648,4.571319,54.70432,-16.539766,4.569319,53.78171,-19.336016,12.373558,53.790092,-19.26417,12.382067,53.839916,-19.171814,12.367613,54.80567,-9.555556,-6.9525523,53.72329,-12.673606,27.66589,49.470116,-16.065199,6.304507,49.00801,-17.501621,16.348965,43.265125,5.659649,-30.211834,36.660484,-9.108804,49.83296,29.010197,8.901911,-53.673298,20.334606,-17.910995,68.41386,20.655806,-18.782402,-66.56441,11.110679,-48.750706,56.547825,18.682732,-25.394968,-72.80664,9.811262,-55.59718,54.850704,20.47107,-26.710558,-73.23406,10.930313,-56.552845,46.62394,20.932852,-24.267282,-66.142624,11.172764,-54.221684,51.81476,0.67467725,4.815525,-23.836235,-0.6746859,-4.8155336,23.836235,-31.965893,2.8398685,-38.57083,-31.618473,-2.6631768,10.7048855,-65.96605,9.908751,-47.239624,-64.514465,5.631826,-0.3552647,-71.50398,19.136566,-48.79969,-68.951126,13.79597,-2.825901,-76.35877,-11.581004,-69.44257,-73.17622,-16.179739,-17.850048
711,-47.630398,-12.726442,-2.7556121,-49.834476,-12.2401495,0.3637629,-49.71959,-12.321323,0.36318964,-49.60031,-12.467437,0.34915012,-50.429077,-10.825927,-6.1484194,-50.704796,-9.893973,-6.1395416,-50.92594,-9.032549,-6.131405,-48.606293,-8.394469,16.758629,-50.056286,-3.8775415,-12.907311,-45.40476,-11.506956,4.036116,-46.028328,-9.88023,-4.7160034,-37.35653,-7.2707148,29.449594,-42.64347,7.232984,-27.192398,-49.251945,-25.780964,47.50255,-57.669544,-5.4656625,-47.12696,-64.78766,-34.204742,37.98862,-75.95294,-20.76214,-41.12504,-69.10975,-36.115578,36.865925,-80.31958,-23.67712,-45.459427,-70.9869,-34.85427,33.326065,-80.9662,-24.168232,-40.794685,-69.59796,-33.31941,35.322098,-79.52413,-23.581667,-39.36222,0.7870343,-7.342901,14.175621,-0.7870446,7.3428907,-14.175621,19.451595,-29.233372,-7.740414,22.841208,15.896517,-40.153515,33.672325,4.006998,24.313505,37.613876,17.207596,8.892889,33.11727,11.29753,27.601963,36.67167,20.671318,13.717681,47.667904,9.420568,21.838997,51.931973,15.005362,5.848189
715,-49.339897,-18.32252,-26.361443,-51.855488,-18.045698,-24.055834,-51.9817,-17.787945,-24.05838,-52.09004,-17.517693,-24.056185,-52.076023,-17.183258,-34.92597,-52.370335,-16.240307,-34.936558,-52.668633,-15.126327,-34.94468,-52.45238,-10.989617,-5.7956176,-53.131027,-7.4783897,-54.282658,-47.02301,-14.597689,-17.894505,-47.159584,-13.251922,-31.920677,-41.881157,0.07984416,21.666811,-37.17234,12.189784,-63.047455,-24.496778,-11.508813,25.838284,-13.182309,1.9780835,-47.918438,-29.775017,-22.340008,-12.310422,-30.388584,-25.161419,0.9168175,-30.834314,-26.614138,-17.302053,-34.158215,-31.558804,2.64388,-38.4359,-26.369677,-17.933743,-35.746983,-28.685373,1.6570737,-37.66092,-23.98026,-14.360966,-34.76508,-26.184109,2.8062718,-0.582067,-1.2908486,26.432905,0.58207566,1.2908486,-26.432905,27.733057,-15.01965,38.88206,31.539377,-15.456645,-11.602667,55.414154,-0.3491276,63.293076,60.816936,-0.7857233,10.735844,61.091263,6.687364,64.742455,65.28856,6.68253,12.553656,61.707542,-22.39359,54.33197,68.03836,-22.94252,-2.2588334
720,-45.32677,-30.396193,56.950294,-46.298817,-29.683167,61.539112,-46.103687,-29.977379,61.5578,-45.949425,-30.381405,61.561363,-46.745014,-27.808947,54.918438,-46.827694,-26.685635,54.906338,-46.96048,-25.56308,54.89075,-44.647743,-27.056213,78.619835,-46.6221,-20.299902,48.738243,-43.094147,-29.732037,63.163803,-43.52065,-27.524334,54.31115,-32.414936,-27.896902,89.29541,-40.469177,-5.0865135,31.171053,-43.779175,-48.044403,125.491035,-56.559067,-11.5445595,38.835262,-60.278847,-42.528473,160.75006,-71.364044,-26.774279,105.08578,-64.320335,-42.083824,162.92586,-74.37111,-31.046373,107.13461,-65.197876,-39.801918,166.48364,-73.605064,-32.097507,109.27109,-63.864197,-39.019688,161.33827,-72.773735,-31.220251,106.509445,2.2720473,-5.739544,22.192448,-2.2720473,5.7395577,-22.192448,27.820175,-31.202068,0.15268701,24.69447,-23.211588,-69.654755,43.849293,18.123167,-9.927684,41.25281,29.815367,-88.76284,42.763954,26.023262,-11.793666,40.680973,37.502026,-90.54529,58.849133,30.716633,-24.677141,57.84222,44.03717,-103.81806
742,-53.123207,-8.138048,6.4276857,-55.015743,-6.0987053,11.491466,-54.97867,-6.2003427,11.470408,-54.955585,-6.244338,11.447493,-55.07594,-4.2861905,2.7344656,-55.06016,-3.1795173,2.7419908,-55.044727,-1.9506679,2.7353528,-53.58357,-1.753835,33.899605,-53.674095,3.73444,-4.8614717,-50.47776,-8.216348,15.037971,-50.308697,-6.142975,3.6870759,-38.198048,-7.71566,54.9061,-41.76004,10.304875,-30.934364,-40.900047,-39.0328,53.5695,-41.423313,-17.820236,-51.921326,-57.304775,-41.19898,21.032652,-58.97193,-35.63319,-33.898582,-61.64065,-43.40373,15.684435,-63.535004,-38.601326,-38.847576,-62.31231,-41.212997,17.756561,-64.37325,-36.82511,-37.21907,-60.808605,-40.39943,20.164762,-62.801563,-35.701797,-32.666462,0.13854463,-6.880261,28.862745,-0.13854463,6.880261,-28.862745,13.529953,-53.649563,18.409445,18.979696,-33.040684,-48.526955,31.807959,-11.275001,48.660492,34.96862,15.794912,-19.587255,30.645367,-1.6552716,51.588146,33.377922,27.443644,-16.007277,45.396023,-13.755509,47.19662,51.74805,26.25092,-20.304464
744,4.3003798,-53.686108,85.44489,6.1048913,-54.518574,95.140015,6.9342413,-54.12069,95.170204,7.8695617,-53.639515,95.14532,4.0656056,-54.371906,94.80877,3.3856478,-53.907467,94.82091,2.539414,-53.35154,94.79682,9.739063,-49.79141,121.96083,1.2367581,-48.054733,121.044685,5.784967,-49.60139,92.629875,2.7732086,-49.86409,92.26768,15.004238,-37.017254,107.1957,-8.759591,-42.738655,104.84269,21.940582,-47.623444,73.869934,-24.149279,-65.60998,61.975433,20.22131,-50.374622,53.24036,-7.9516315,-49.41059,45.92463,20.52476,-51.079582,49.602608,-3.478243,-45.609573,43.183216,19.110113,-49.17117,53.130043,-2.2376735,-47.550117,51.768524,18.336369,-47.66241,53.855682,-4.5236483,-46.735283,49.2722,7.758248,-0.23404384,-1.4743572,-7.758248,0.23404384,1.4743572,17.874548,-16.04227,-22.540035,-19.953016,-13.082928,-11.223712,5.0022798,-7.495726,-89.05164,-18.13171,-9.801006,-81.86177,2.7404733,-1.1771652,-96.24464,-16.767912,-3.1816144,-89.17477,-0.6828787,-16.056858,-107.30925,-16.864443,-21.159086,-104.25949
767,-39.18748,-31.477455,-15.810035,-41.20924,-34.434845,-13.224727,-41.405697,-34.294834,-13.216834,-41.658302,-34.09806,-13.19121,-41.782043,-34.31029,-23.801935,-42.33068,-34.11966,-23.818384,-42.92719,-33.859917,-23.844145,-44.285576,-30.004057,2.3164113,-45.860325,-28.777042,-45.906425,-39.108196,-27.124443,-8.607474,-39.79786,-26.64673,-22.694706,-36.72991,-13.49344,33.310623,-41.359505,-3.8859022,-69.36252,-15.913597,-8.230991,45.77888,-19.777353,1.1027148,-81.659134,2.635472,-9.698994,33.42959,3.532983,0.21327141,-83.35003,9.842488,-10.496421,35.111626,9.613042,2.6011846,-93.33697,9.975284,-11.726855,26.847961,10.522093,-0.98776436,-89.945114,7.7303705,-11.218995,29.300419,8.840392,-2.38245,-81.71419,0.70663935,-4.3441143,31.737894,-0.70663935,4.3441277,-31.737894,30.130907,-10.697791,18.365105,29.12873,-8.345047,-36.415554,63.503002,-9.393319,29.842976,65.10755,-7.418137,-30.688337,68.26443,-3.2863457,29.258692,70.05728,-1.0840284,-31.925709,72.228035,-30.731693,9.940373,74.25411,-31.008076,-57.914413
789,46.9716,-19.172956,4.6327515,49.89946,-17.680956,-0.35084128,50.140667,-16.859922,-0.37010935,50.416237,-15.931026,-0.38039857,49.79884,-18.408396,8.44235,49.958637,-18.147377,8.441014,50.155533,-17.83612,8.434825,51.17072,-9.383044,-13.415022,50.749928,-11.342127,26.190731,45.480423,-16.184143,0.7303303,45.20101,-17.193743,12.1760435,41.54449,2.0035152,-39.04357,38.446697,-3.190883,53.32021,23.455244,-18.204395,-54.56616,21.088596,-22.609266,72.515785,24.946278,-50.7377,-46.9144,24.42431,-53.369766,60.36792,24.652845,-59.377403,-53.711193,24.681446,-62.524094,61.58533,27.757784,-59.565224,-48.73685,27.619755,-62.997116,54.344017,27.917389,-56.99697,-44.11174,27.323788,-60.085358,56.534832,0.108317696,2.1583169,-28.63958,-0.108317696,-2.1583169,28.63958,-26.132631,-19.517336,-34.982613,-25.083414,-18.409494,29.286581,-52.30354,5.6812243,-10.735638,-50.494457,5.262676,53.25506,-52.81407,13.099708,-7.48291,-51.820553,12.27364,55.27933,-67.3556,2.3095949,-12.8531885,-63.446842,0.8888422,46.521976
840,44.02856,-36.850285,-4.044701,46.567978,-37.500813,-9.206459,46.901566,-36.86046,-9.219502,47.291473,-36.15696,-9.253219,46.379196,-38.081055,-1.0458343,46.53635,-37.92256,-1.0314863,46.76438,-37.669632,-1.0446614,49.45331,-29.218882,-22.311958,48.71212,-31.202286,14.374282,42.930912,-31.937578,-8.17841,42.652836,-32.590874,2.458477,40.615246,-0.16739142,-35.783825,37.76799,-15.834749,31.67755,16.77739,0.6363386,-27.498606,15.484699,-12.235045,14.565418,22.108213,-28.887146,11.234735,21.25998,-27.850584,-27.743185,24.387497,-35.68438,12.629201,23.6238,-33.23583,-31.957579,26.663477,-34.385273,13.847057,25.873343,-33.954533,-31.200998,26.183033,-31.817575,13.54671,25.147724,-30.530128,-29.02284,-0.38359967,5.7492714,-18.837955,0.38359967,-5.7492714,18.837955,-30.631586,-9.702614,-11.776255,-27.903786,-13.442553,26.7692,-56.38541,-8.827261,0.9189793,-53.74667,-12.084455,40.13075,-58.399113,-2.8280807,1.9013212,-56.237347,-7.3499336,40.846783,-65.22246,-19.928053,-6.8584533,-59.6527,-25.418468,32.65955
861,45.312523,-29.18164,1.7856104,47.611694,-27.259535,4.24968,47.754818,-25.302242,4.293742,47.81875,-23.203983,4.305033,46.913605,-30.977827,6.782774,46.57031,-31.886185,6.8005705,46.209484,-32.73893,6.823164,46.31396,-17.222366,22.529997,44.483032,-31.119957,32.581383,43.487457,-24.326023,8.419771,42.64988,-29.215899,11.293599,37.248775,-8.119021,23.465357,32.360336,-31.30906,67.09185,54.0606,-15.883907,74.91504,45.98677,-45.44109,126.35538,49.871365,-13.898023,157.42554,47.24147,-29.769278,175.5911,48.80262,-15.082617,169.0844,48.78563,-24.16424,184.34422,47.166737,-12.907221,165.74496,48.098404,-26.366007,187.43869,47.84107,-14.197442,158.15193,48.474483,-27.51771,176.75757,3.4018312,8.7250185,-12.495994,-3.4018312,-8.725039,12.495994,-19.068106,25.804483,-68.986595,-32.2028,-25.350704,-39.105152,-48.590164,33.572495,-36.226524,-49.930965,15.999368,-10.52981,-49.676895,35.215084,-33.903755,-51.273674,21.389654,-8.642132,-61.91982,34.37685,-59.40231,-63.927643,21.607471,-30.709934
912,40.925995,-35.0895,76.192986,43.43981,-31.210842,76.28103,43.89085,-29.758995,76.29994,44.316357,-28.49459,76.278076,42.361115,-32.772495,82.422905,41.69563,-32.5668,82.42915,41.24719,-32.430576,82.41233,44.953217,-21.789604,80.943665,39.784195,-28.33321,109.23371,39.935345,-31.84658,78.361565,38.573227,-33.217724,86.46253,45.048496,-10.1196,73.5981,26.112974,-26.43235,120.50325,59.680153,-29.843012,91.28473,20.878578,-46.25884,154.20366,58.485786,-23.073278,155.61255,41.41982,-31.033907,191.71565,59.14647,-22.509764,163.87866,44.525043,-26.679125,197.52011,56.912136,-19.249775,162.51665,45.364754,-24.311247,200.88625,56.795727,-20.482119,156.97556,45.405525,-25.644217,193.7496,6.8607817,7.1997986,-18.67788,-6.8607817,-7.1997986,18.67788,-10.110431,24.22711,-131.64926,-44.65148,11.772578,9.70169,-35.501328,70.34531,-198.30354,-86.36014,30.344414,3.9650776,-40.496536,82.46666,-204.36649,-87.27601,39.58135,1.6367791,-42.22973,78.44951,-236.71664,-93.48229,-0.3444086,-23.271387
941,-36.33933,-43.837147,-0.30894488,-37.5175,-46.670258,5.1837053,-37.05763,-47.23429,5.1993275,-36.626198,-47.769215,5.176193,-39.220787,-44.60565,1.0465456,-40.08275,-43.25884,1.0544252,-40.935394,-41.81515,1.0733163,-36.394943,-45.87735,32.410927,-42.64478,-36.107773,12.081634,-34.13223,-41.421417,9.020953,-35.99022,-37.98494,3.1176631,-23.109268,-36.54689,45.403606,-39.33925,-13.45495,14.311904,-14.846232,-63.01719,60.16195,-55.869305,-15.843916,11.314516,-31.204191,-55.486565,74.974236,-49.502476,-34.704113,56.625343,-34.317535,-52.88758,72.76295,-48.625763,-37.847324,59.19602,-34.542305,-50.17132,80.65616,-47.870453,-35.415825,61.63046,-33.667267,-50.002182,77.457375,-47.794132,-33.7688,57.40189,3.8593073,-7.956469,15.757498,-3.8593073,7.956469,-15.757498,29.453579,-33.028446,-14.3175335,18.227798,-15.722795,-56.578987,49.508064,22.082958,-33.626442,39.710747,39.42121,-69.89096,48.07128,32.447773,-35.183887,39.97032,47.609756,-69.800865,63.453495,30.960855,-45.14384,57.50657,47.17451,-76.623405
945,44.85053,-25.87543,-3.8359966,48.457855,-24.63037,-9.027615,48.906498,-23.561607,-9.041757,49.443806,-22.343987,-9.053578,48.072018,-25.77678,-1.0214182,48.241543,-25.570122,-1.0170194,48.48697,-25.319618,-1.0220972,51.28962,-14.519508,-19.974173,50.06199,-17.519352,16.07146,43.54632,-21.003666,-6.953597,43.133087,-23.018219,3.4280126,42.415627,6.086745,-33.3614,37.515224,-9.412116,34.95931,24.687408,24.305845,-43.67289,19.121677,-10.324891,33.862904,21.303606,-11.250344,-27.88452,19.6264,-27.983406,-0.13712052,19.982176,-21.47319,-29.701468,17.330894,-33.093395,-4.2271047,24.09233,-22.83253,-25.38564,21.004898,-36.46651,-8.709786,24.526804,-20.647173,-24.615038,21.981611,-33.38298,-3.687599,0.24532568,7.50328,-21.0763,-0.24532568,-7.50328,21.0763,-29.949411,0.07232841,-23.612625,-28.167625,-17.08921,16.684732,-61.43952,7.848199,-16.580826,-57.035084,-10.462234,24.41304,-64.92969,14.118268,-16.75451,-61.63599,-5.0065374,23.925085,-74.13878,-8.610021,-37.8501,-67.5119,-25.66032,9.614197
946,-43.038082,-34.784786,18.552927,-45.5932,-36.81879,21.19252,-45.763695,-36.617313,21.170273,-45.967846,-36.401226,21.140673,-45.980324,-36.13662,11.55357,-46.48896,-35.402176,11.557268,-47.1423,-34.621277,11.554185,-48.482174,-30.286318,35.125328,-50.211533,-27.405565,-8.110048,-41.547688,-30.38278,24.781551,-42.133175,-29.24712,12.168531,-35.47659,-13.478086,55.01887,-42.31429,-5.1921096,-25.932592,-16.969763,-28.699293,53.621994,-22.605001,-23.544466,-21.56048,-30.275026,-50.86789,23.831312,-34.17694,-51.1145,24.754988,-32.331264,-56.527138,19.847187,-35.844715,-57.714306,27.498379,-34.234535,-54.40283,22.322403,-37.615913,-54.79663,29.493505,-33.4967,-51.49159,23.228975,-37.179977,-52.188118,27.490585,0.49812976,-3.6357872,26.231718,-0.49811164,3.6357872,-26.231718,30.160385,-33.227863,29.04931,31.418953,-31.42591,-21.51682,52.72233,-14.736941,46.119896,52.788456,-12.300922,-2.1572552,54.721268,-5.6589737,47.50618,55.15228,-4.8331985,1.3275605,63.41129,-20.73913,43.029346,67.37345,-24.397774,2.128738
962,47.99556,-11.876661,-0.3063277,50.878506,-10.616963,-4.635451,50.91473,-10.118759,-4.6216702,50.933846,-9.570545,-4.6249166,50.878136,-10.97795,0.91515815,50.913994,-10.746711,0.91518146,50.933846,-10.481356,0.9066459,49.94591,-5.257902,-15.283399,49.984226,-6.103533,9.949951,46.00839,-9.366647,-3.907707,45.9131,-9.824464,3.384706,40.744617,4.0576673,-24.997221,39.08871,1.1036164,24.395916,56.38314,-4.0300946,-26.755032,47.198425,-4.627001,45.668846,57.50496,-6.552743,14.474799,54.36521,0.9653221,57.831512,58.54099,-6.7059355,15.112321,57.018627,3.30643,56.03872,56.122295,-4.975636,17.37687,55.279255,3.3140104,56.686127,55.56432,-4.300321,15.906172,54.5403,2.8012705,56.88165,0.107239,0.8385842,-18.651384,-0.107239,-0.8385842,18.651384,-25.040827,-40.17142,-20.73513,-24.28822,-35.619755,16.38295,-36.209484,5.7833962,-10.122542,-33.902172,2.3142402,28.101116,-34.959743,10.088388,-8.394608,-33.62303,7.7661953,28.783733,-48.44415,11.600113,-7.800975,-45.369514,9.246865,26.35614
964,-51.642216,-9.912622,-4.3546844,-54.00968,-7.7404127,0.07546636,-54.027206,-7.458651,0.071216546,-54.056984,-7.146266,0.055225555,-53.959465,-6.832834,-9.001728,-53.918545,-5.893862,-8.988504,-53.8951,-4.8336997,-8.996281,-52.246822,-2.0329475,20.75604,-52.125465,1.5702853,-19.997368,-49.39149,-8.675681,4.0288734,-49.341236,-7.6445127,-7.910262,-38.6577,-9.104366,43.32696,-41.333523,7.919544,-46.807724,-40.129196,-33.064777,67.807976,-43.871727,-25.999239,-74.74043,-45.304928,-64.54734,60.186153,-48.84171,-63.9831,-68.3047,-46.43012,-73.416595,60.470562,-48.690044,-71.818214,-77.03356,-46.812824,-74.645584,52.505302,-49.50926,-73.74668,-71.858665,-46.409218,-71.14397,55.836166,-49.26054,-70.936874,-66.20451,0.23036471,-6.8022566,26.359924,-0.23036471,6.8022795,-26.359924,23.087729,-30.774603,5.9678063,25.633871,-14.544183,-46.452534,41.807373,-2.537179,48.454754,44.217377,13.944237,0.37340996,43.00876,5.395546,52.377003,45.173325,23.616947,5.2518973,55.09324,-7.2327113,43.896545,60.71987,8.502023,-4.015089
976,-49.3662,-10.657655,3.0326042,-50.846474,-8.100774,5.1883893,-50.796722,-7.7827187,5.1752567,-50.773315,-7.3932343,5.1663213,-50.90988,-7.4932785,-2.4182732,-50.887894,-6.710459,-2.4079523,-50.882698,-5.8736277,-2.406665,-49.11055,-1.8719895,19.0399,-49.57421,-0.049198546,-15.510808,-47.406384,-9.609436,9.248471,-47.563274,-8.740634,-0.87487644,-38.47684,-3.8392727,37.949516,-41.496227,5.9144917,-29.589514,-49.032135,-22.79955,52.956097,-52.58956,-21.1109,-42.81004,-65.766815,-23.225704,39.2326,-68.88579,-19.422482,-23.79295,-69.094894,-20.786818,36.134445,-71.673805,-16.674889,-27.10381,-68.843254,-17.463484,37.329666,-71.09333,-12.703764,-27.545639,-67.468185,-18.190783,38.289497,-70.002014,-13.367692,-23.485395,-0.0795613,-4.2147093,23.234152,0.07957397,4.2147093,-23.234152,24.280674,-20.526283,24.348965,26.424587,-12.577563,-25.670618,45.591637,0.99680257,39.303345,51.756214,9.95446,-10.7689905,47.615276,6.5501966,40.3172,54.45779,18.061605,-9.59794,57.435566,-4.348371,34.088253,62.981564,7.911238,-22.102068
990,39.956837,-38.52303,17.875324,41.68933,-36.585674,16.205854,42.011356,-35.23511,16.197227,42.316376,-33.86132,16.171173,41.016228,-38.92315,20.758154,40.823746,-39.066513,20.767038,40.658806,-39.102,20.739672,43.126255,-27.806074,15.797613,40.922295,-34.55924,36.40823,38.920097,-32.639248,18.315304,38.127796,-35.56796,24.302204,41.75721,-8.469467,7.9897194,30.47036,-25.927893,47.423126,34.520226,-12.505017,-7.434152,9.657622,-44.32012,47.24927,43.64133,-32.33143,-1.9500765,30.537197,-48.29301,27.270014,45.76653,-39.05443,-2.8039062,36.50147,-49.163383,23.71016,44.998196,-37.765278,-0.16252992,37.30765,-48.668674,26.174423,44.332706,-34.71583,-0.17701134,36.10946,-46.89137,27.569576,2.0348327,4.279192,-15.088166,-2.0348327,-4.279192,15.088166,-29.89086,-34.081486,-23.835817,-32.952206,-32.5424,-1.4456129,-51.261566,10.768685,-29.990288,-56.19637,13.599719,-2.4704974,-50.95913,20.771282,-29.724655,-56.80781,23.533558,-3.190105,-65.278915,22.55302,-31.686539,-70.12461,17.894384,-13.289672
1029,-52.41824,-16.170479,7.994661,-54.5273,-13.999653,11.231721,-54.49864,-13.854082,11.214978,-54.46221,-13.702649,11.19341,-54.674305,-12.774383,3.170006,-54.734318,-11.74878,3.1796827,-54.77331,-10.685986,3.1760364,-53.11202,-7.7206755,27.989214,-53.723724,-4.4134865,-8.396224,-49.44609,-15.395477,15.018172,-49.599804,-14.046104,4.2535124,-37.5637,-9.451541,49.455975,-42.224026,3.6273713,-31.336042,-45.133812,-35.718727,73.270676,-48.531487,-26.790783,-53.038143,-61.65226,-51.038517,68.74856,-66.06517,-46.229553,-45.425987,-66.08035,-54.145897,69.374435,-70.6147,-51.152428,-51.07869,-67.72355,-53.613194,66.436356,-72.00976,-49.636208,-47.64091,-66.02444,-52.50388,66.68253,-70.561134,-48.401646,-43.729786,1.1043108,-6.7553124,25.6623,-1.1043228,6.7553124,-25.6623,20.694473,-44.39041,16.63608,21.670433,-26.422379,-41.960136,36.932247,-4.1229963,31.569424,40.581375,16.243168,-25.576553,36.930622,5.598746,32.794456,40.156715,26.798826,-23.642994,49.782593,-3.696484,28.749027,56.736565,24.588133,-29.496618
1037,-38.874283,-47.31518,-25.158283,-40.790985,-48.30346,-20.258791,-40.63235,-48.602005,-20.244501,-40.482964,-48.853573,-20.26497,-41.49911,-46.236355,-24.41496,-41.92802,-44.800297,-24.41303,-42.39801,-43.111877,-24.408419,-40.50135,-44.971718,4.595392,-43.446213,-36.17091,-14.770956,-36.6164,-45.412426,-16.347843,-37.662903,-43.069286,-22.014296,-26.947859,-36.628254,19.086746,-37.55717,-10.690895,-10.404207,-18.32343,-43.45055,37.376442,-53.93071,-2.5206487,-8.037827,-30.979282,-43.39568,51.576508,-48.639473,-27.630219,35.14736,-35.24268,-43.73803,50.6285,-46.91725,-33.033302,37.477554,-34.863117,-41.064556,54.495068,-45.532944,-32.481304,42.05118,-33.42559,-39.37098,52.60776,-45.769283,-30.357838,37.219044,2.4206154,-8.805235,14.075155,-2.4206154,8.805235,-14.075155,25.72549,-31.813019,-7.8095345,10.712452,-6.9435573,-58.747387,29.155901,-7.5617456,18.894878,23.100513,9.296605,-9.62867,27.61375,-1.6610518,22.387774,22.306232,15.083572,-2.8548646,36.585297,-8.7160845,22.892126,33.027164,5.7731605,4.7706757
1041,-34.693455,-41.859394,28.390535,-36.742336,-43.68016,34.636345,-36.729458,-43.89154,34.629368,-36.70182,-44.11664,34.614708,-37.715736,-42.04953,28.27337,-38.4412,-41.09244,28.275051,-39.232384,-40.026535,28.25613,-37.857838,-39.003914,58.09362,-42.042835,-32.92571,28.976484,-33.152115,-38.943058,37.11851,-34.19425,-36.859104,28.485727,-25.671324,-28.763002,65.97079,-40.511868,-11.159568,5.4480925,-18.053555,-60.177185,66.82322,-34.545784,-34.041805,-16.141333,-18.210978,-88.58423,54.039925,-28.434008,-71.63679,-5.312458,-22.828432,-97.35945,49.72962,-27.428986,-79.952965,-7.6593666,-22.362814,-93.50887,48.99114,-27.941067,-80.6398,-6.16209,-22.077883,-90.43306,52.39125,-27.868084,-78.21972,-4.019616,3.2323833,-7.871649,16.607231,-3.232389,7.871649,-16.607231,34.745872,7.9978867,-12.775588,30.189249,21.93029,-46.89227,67.07819,32.17144,-24.967436,65.66232,45.337788,-65.592735,71.46259,41.040443,-27.326574,71.45911,49.961205,-68.1114,77.798134,13.535462,-49.953617,78.18203,28.680885,-96.07669
1044,-49.362965,-22.572004,-5.482414,-52.06493,-22.33363,-1.5887529,-52.057785,-22.39497,-1.5959272,-52.05434,-22.365078,-1.6147813,-52.547783,-20.447994,-7.3097763,-52.900036,-19.098188,-7.310324,-53.273445,-17.583153,-7.3037753,-52.094685,-16.705647,21.189629,-53.436703,-10.335602,-5.523281,-46.938152,-21.141983,3.256103,-47.42085,-18.867311,-4.5928535,-37.83798,-18.854311,37.364452,-40.94188,4.935522,-6.9935546,-36.412315,-49.368034,34.396847,-46.131824,-1.8584254,-0.2934154,-45.353855,-27.57108,23.286095,-54.090435,-2.1910126,48.2691,-49.24525,-22.042637,18.62822,-56.491364,-1.2141236,50.934505,-49.332832,-19.20941,25.477201,-55.75804,0.4099561,48.060184,-48.073048,-20.341228,24.913954,-54.761272,-0.33499265,47.942715,0.31825268,-9.303697,15.0135975,-0.31824574,9.303697,-15.0135975,28.094593,-13.086471,39.288807,31.03564,21.736963,-38.93462,56.76938,-17.88477,60.442097,65.87977,42.368896,-69.783516,61.21872,-10.730339,62.093555,70.785545,48.212234,-74.00726,65.62072,-36.455074,50.411343,80.315056,36.860233,-100.82922
1056,46.021885,-24.117764,-20.957117,48.928356,-22.74391,-21.811605,49.408737,-21.366203,-21.78999,49.8901,-19.92454,-21.801271,48.101887,-25.474882,-17.54657,47.950832,-26.200417,-17.546051,47.817394,-26.923729,-17.554085,50.664425,-13.83049,-15.347646,48.180115,-23.699423,4.7702327,44.43205,-19.066055,-18.265646,43.490658,-22.857164,-12.521914,42.21122,6.4587107,-13.5397625,36.34951,-21.56538,20.441809,54.39947,1.130954,-28.357315,40.992737,-51.182873,23.511133,59.11259,-11.706119,-2.7084649,48.108234,-28.257275,25.149738,60.832767,-16.141214,-2.5539975,50.78426,-23.980047,20.799702,58.383255,-13.999413,1.6285976,49.930553,-21.1396,29.70856,56.47882,-11.712895,-1.1724036,49.06628,-21.551134,27.261957,0.3815204,10.209044,-15.097815,-0.3815204,-10.209044,15.097815,-26.007095,-16.355915,-37.31723,-25.896975,-38.517117,-7.778868,-44.616188,20.860035,-22.236025,-44.927586,-2.2413378,9.67244,-44.054417,27.475744,-20.233532,-46.36556,9.698877,11.322483,-59.845055,25.101418,-30.25369,-57.17817,4.106286,3.72964
1059,-39.02627,-42.13207,50.37877,-40.77942,-42.25722,56.20991,-40.587215,-42.369617,56.22164,-40.384018,-42.509796,56.214203,-41.665756,-40.464825,50.620728,-42.13757,-39.14635,50.621056,-42.601437,-37.742935,50.60724,-40.140705,-37.8713,77.41121,-43.572712,-30.631521,51.712006,-36.762062,-39.715725,58.0132,-37.804523,-37.357418,50.323826,-26.374159,-32.302437,85.53301,-39.022842,-13.776127,39.615284,-38.658985,-53.110676,112.83771,-51.753033,-28.569967,50.942497,-54.316513,-59.622818,154.60323,-63.349106,-49.196194,112.51028,-58.319283,-59.064556,157.15079,-64.97711,-53.18411,118.46099,-58.803143,-57.893814,164.89917,-64.32884,-53.220047,118.60985,-57.660843,-57.201088,156.94653,-63.357872,-51.858944,113.28616,4.908387,-6.1315303,15.398891,-4.908387,6.131517,-15.398891,37.51637,-14.881923,-9.697822,8.910515,14.440539,-98.57106,50.18819,33.509205,-23.390207,43.959015,47.174133,-126.81451,49.35046,41.95536,-25.477543,45.57193,52.731388,-129.15463,64.101715,50.084007,-39.63513,62.293625,54.59888,-147.55617
1069,29.630354,-26.28114,77.7069,30.96458,-27.03564,80.69685,33.195927,-23.323614,80.68528,33.787537,-22.50297,80.67203,29.545408,-28.76108,83.644264,29.048098,-29.136187,83.65801,28.563726,-29.50255,83.631836,33.978443,-19.657574,86.5393,26.523348,-27.323399,101.14038,29.070726,-23.042238,78.981415,27.02787,-25.896845,83.06653,31.216448,-5.6807137,58.364086,12.59564,-23.851107,91.3499,30.958435,-6.756124,9.811604,-4.6755996,-18.061882,76.02071,24.563112,-29.885498,-23.576942,-21.25121,-8.825079,48.617226,23.19798,-33.77902,-33.251915,-25.846907,-5.2867436,41.465443,22.406652,-35.17482,-30.748835,-25.155397,-3.1569362,38.384956,22.266106,-33.547207,-23.87701,-22.694077,-5.6658936,46.35994,6.673087,8.900012,-14.622593,-6.673087,-8.900004,14.622593,-13.654573,20.075617,-79.94948,-32.66286,8.536576,-43.614418,-27.583746,78.53965,-105.49582,-42.25032,65.09984,-67.06269,-28.267721,86.70298,-108.412,-41.549454,74.769226,-70.568985,-39.25412,91.973434,-134.17128,-52.86456,66.27001,-96.33924
1095,-41.915108,-1.4298818,-64.90562,-43.944553,-5.8711996,-69.808044,-43.605865,-7.2284064,-69.80483,-43.263298,-8.584961,-69.83219,-44.89346,-4.2110996,-63.135727,-45.24527,-4.3350735,-63.14147,-45.600883,-4.445533,-63.154255,-41.988384,-17.04568,-70.65988,-45.249474,-11.156835,-40.181538,-38.935017,-5.199847,-63.53603,-38.16371,-4.1992407,-54.819073,-28.296005,-31.575302,-62.81021,-36.87072,-14.82835,-20.571154,-21.701504,-19.46451,-83.94484,-22.880081,-12.410707,-12.783164,-37.358162,0.28454462,-86.605576,-12.416403,-6.676428,-25.197517,-40.85291,6.5435386,-91.292854,-9.339835,-3.812048,-25.532097,-42.10617,3.693443,-87.44995,-9.065895,-4.083178,-32.99884,-40.61405,2.2093854,-84.44477,-9.945889,-5.2215242,-28.312746,5.7702994,-7.1504297,-6.7571507,-5.7702994,7.1504297,6.7571507,20.33125,-41.096004,-59.13941,-9.187761,-5.3114767,-45.013763,19.40837,-13.296657,-106.57848,-38.179733,-1.240258,-101.23626,19.36868,-8.100138,-111.222755,-39.93114,4.812771,-106.00549,15.440416,-9.404089,-123.269,-52.71753,-15.0884075,-111.82745
